N° Rayon;Libellé Rayon;N° Groupe de familles;Libellé Groupe de famille;N° Famille;Libellé Famille;Facteur;A supprimer le
10;BOISSONS;100;SOFTS DRINKS;1000;GAZEIFIES;100%;
10;BOISSONS;100;SOFTS DRINKS;1002;SIROPS;100%;
10;BOISSONS;100;SOFTS DRINKS;1001;NON GAZEIFIES;100%;
10;BOISSONS;101;BIERES ET CIDRES;1010;BIERES ET PANACHES;100%;
10;BOISSONS;101;BIERES ET CIDRES;1011;CIDRES;100%;
10;BOISSONS;102;EAUX;1022;EAUX AROMATISEES;100%;
10;BOISSONS;102;EAUX;1020;EAUX PLATES;100%;
10;BOISSONS;102;EAUX;1021;EAUX GAZEUSES;100%;
10;BOISSONS;103;VINS;1031;VQPRD BLANCS;100%;
10;BOISSONS;103;VINS;1030;VINS DE TABLES/PAYS;100%;
10;BOISSONS;103;VINS;1032;VQPRD ROSES;100%;
10;BOISSONS;103;VINS;1033;VQPRD ROUGES/HORS BORDEAUX;100%;
10;BOISSONS;103;VINS;1034;VQPRD BORDEAUX ROUGES;100%;
10;BOISSONS;103;VINS;1035;VINS FINS/ETRANGERS;100%;
10;BOISSONS;103;VINS;1036;CHAMPAGNES;100%;
10;BOISSONS;103;VINS;1037;MOUSSEUX/VINS PETILL.;100%;
10;BOISSONS;104;SPIRITUEUX;1040;APERITIFS;100%;
10;BOISSONS;104;SPIRITUEUX;1041;ALCOOLS;100%;
10;BOISSONS;104;SPIRITUEUX;1042;DIGESTIFS;100%;
10;BOISSONS;109;REMBOURSEMENT LIQUIDE;1099;REMBOURSEMENT LIQUIDE;100%;
11;DROGUERIE;110;SOINS ET CONFORT DE LA MAISON;1100;VITRES;100%;
11;DROGUERIE;110;SOINS ET CONFORT DE LA MAISON;1101;FOURS ET METAUX;100%;
11;DROGUERIE;110;SOINS ET CONFORT DE LA MAISON;1102;MEUBLES ET SOLS;100%;
11;DROGUERIE;110;SOINS ET CONFORT DE LA MAISON;1103;NETTOYANTS MULTI-USAGE;100%;
11;DROGUERIE;110;SOINS ET CONFORT DE LA MAISON;1104;ENTRETIEN SANITAIRE;100%;
11;DROGUERIE;110;SOINS ET CONFORT DE LA MAISON;1105;EPONGES;100%;
11;DROGUERIE;110;SOINS ET CONFORT DE LA MAISON;1106;DETERGENT VAISSELLE;100%;
11;DROGUERIE;110;SOINS ET CONFORT DE LA MAISON;1107;DETERGENT LAVE-VAISSELLE;100%;
11;DROGUERIE;110;SOINS ET CONFORT DE LA MAISON;1108;PAPIER-MENAGE;100%;
11;DROGUERIE;110;SOINS ET CONFORT DE LA MAISON;1109;DESODORISANT MAISON;100%;
11;DROGUERIE;111;PETITE DROGUERIE SAISONNIERE;1110;CUIRS-CHAUSSURES;100%;
11;DROGUERIE;111;PETITE DROGUERIE SAISONNIERE;1111;PRODUITS FEUX;100%;
11;DROGUERIE;111;PETITE DROGUERIE SAISONNIERE;1112;INSECTICIDES;100%;
11;DROGUERIE;112;SOINS DU LINGE;1123;ADOUCISSANT;100%;
11;DROGUERIE;112;SOINS DU LINGE;1120;SAVONS-MENAGE;100%;
11;DROGUERIE;112;SOINS DU LINGE;1121;ENTRETIEN LINGE;100%;
11;DROGUERIE;112;SOINS DU LINGE;1122;PRODUITS DE LAVAGE;100%;
11;DROGUERIE;119;REMBOURSEMENT RAYON DPH;1199;GESTION METIER DROGUERIE;100%;
12;PARFUMERIE HYGIENE;120;HYGIENE PAPIERS;1200;PAPIERS HYGIENIQUES;100%;
12;PARFUMERIE HYGIENE;120;HYGIENE PAPIERS;1201;MOUCHOIRS EN PAPIER;100%;
12;PARFUMERIE HYGIENE;120;HYGIENE PAPIERS;1202;COUCHES;100%;
12;PARFUMERIE HYGIENE;120;HYGIENE PAPIERS;1203;INCONTINENCE;100%;
12;PARFUMERIE HYGIENE;120;HYGIENE PAPIERS;1204;HYGIENE FEMININE;100%;
12;PARFUMERIE HYGIENE;120;HYGIENE PAPIERS;1205;COTON;100%;
12;PARFUMERIE HYGIENE;120;HYGIENE PAPIERS;1206;PRODUITS NETTOYANTS;100%;
12;PARFUMERIE HYGIENE;121;HYGIENE TOILETTE;1212;DENTIFRICES;100%;
12;PARFUMERIE HYGIENE;121;HYGIENE TOILETTE;1213;BROSSES A DENTS;100%;
12;PARFUMERIE HYGIENE;121;HYGIENE TOILETTE;1210;SAVONS DE TOILETTE;100%;
12;PARFUMERIE HYGIENE;121;HYGIENE TOILETTE;1211;BAINS DOUCHES;100%;
12;PARFUMERIE HYGIENE;121;HYGIENE TOILETTE;1214;HYGIENE BEBE;100%;
12;PARFUMERIE HYGIENE;122;CAPILLAIRES;1220;SHAMPOOINGS;100%;
12;PARFUMERIE HYGIENE;122;CAPILLAIRES;1221;APRES-SHAMPOOINGS, SOINS;100%;
12;PARFUMERIE HYGIENE;122;CAPILLAIRES;1222;TRAITEMENTS ET SOINS;100%;
12;PARFUMERIE HYGIENE;122;CAPILLAIRES;1223;FIXATEURS;100%;
12;PARFUMERIE HYGIENE;122;CAPILLAIRES;1224;COLORATION;100%;
12;PARFUMERIE HYGIENE;123;PARFUMERIE BEAUTE;1232;DEODORANTS;100%;
12;PARFUMERIE HYGIENE;123;PARFUMERIE BEAUTE;1230;MAQUILLAGE;100%;
12;PARFUMERIE HYGIENE;123;PARFUMERIE BEAUTE;1231;PARFUMERIE ALCOOLIQUE;100%;
12;PARFUMERIE HYGIENE;123;PARFUMERIE BEAUTE;1233;BROSSERIE ET ACCESSOIRES;100%;
12;PARFUMERIE HYGIENE;124;PARFUMERIE SOINS;1241;SOINS DU CORPS;100%;
12;PARFUMERIE HYGIENE;124;PARFUMERIE SOINS;1240;SOINS DU VISAGE;100%;
12;PARFUMERIE HYGIENE;124;PARFUMERIE SOINS;1242;SOINS DES MAINS;100%;
12;PARFUMERIE HYGIENE;124;PARFUMERIE SOINS;1243;SOINS DES PIEDS;100%;
12;PARFUMERIE HYGIENE;124;PARFUMERIE SOINS;1244;PRODUITS SOLAIRES;100%;
12;PARFUMERIE HYGIENE;124;PARFUMERIE SOINS;1245;INSECTIFUGES;100%;
12;PARFUMERIE HYGIENE;125;PARFUMERIE SOINS HOMME;1253;DEODORANTS;100%;
12;PARFUMERIE HYGIENE;125;PARFUMERIE SOINS HOMME;1250;TOILETTE HOMME;100%;
12;PARFUMERIE HYGIENE;125;PARFUMERIE SOINS HOMME;1251;RASAGE;100%;
12;PARFUMERIE HYGIENE;125;PARFUMERIE SOINS HOMME;1252;PDS AP RASAGE, E DE T HOMME;100%;
12;PARFUMERIE HYGIENE;126;SANTE;1260;PANSEMENT ET COMPLEMENTS;100%;
12;PARFUMERIE HYGIENE;126;SANTE;1261;COMPLEMENTS ALIMENTAIRES;100%;
12;PARFUMERIE HYGIENE;129;REMBOURSEMENT PARFUMERIE;1299;GESTION METIER PARFUMERIE;100%;
14;EPICERIE;140;PDTS POUR PETITS DEJEUNERS;1400;PANIFICATION;100%;
14;EPICERIE;140;PDTS POUR PETITS DEJEUNERS;1401;CEREALES ET BARRES;100%;
14;EPICERIE;140;PDTS POUR PETITS DEJEUNERS;1402;CONFITURES;100%;
14;EPICERIE;140;PDTS POUR PETITS DEJEUNERS;1403;MIELS ET CREMES;100%;
14;EPICERIE;140;PDTS POUR PETITS DEJEUNERS;1404;PATES A TARTINER;100%;
14;EPICERIE;140;PDTS POUR PETITS DEJEUNERS;1406;CAFES SOLUBLES ET CHICOREE;100%;
14;EPICERIE;140;PDTS POUR PETITS DEJEUNERS;1407;THES - INFUSIONS;100%;
14;EPICERIE;140;PDTS POUR PETITS DEJEUNERS;1405;CAFES TORREFIES;100%;
14;EPICERIE;140;PDTS POUR PETITS DEJEUNERS;1408;PETITS DEJ. INSTANTANES;100%;
14;EPICERIE;140;PDTS POUR PETITS DEJEUNERS;1409;LAITS;100%;
14;EPICERIE;141;BISCUITS SUCRES ET PATISSERIE;1413;ASSORTIMENT, DESSERTS;100%;
14;EPICERIE;141;BISCUITS SUCRES ET PATISSERIE;1414;POCKETS;100%;
14;EPICERIE;141;BISCUITS SUCRES ET PATISSERIE;1410;BISCUITS SECS;100%;
14;EPICERIE;141;BISCUITS SUCRES ET PATISSERIE;1411;CHOCOLATES, FRUITES;100%;
14;EPICERIE;141;BISCUITS SUCRES ET PATISSERIE;1412;GOUTERS;100%;
14;EPICERIE;141;BISCUITS SUCRES ET PATISSERIE;1415;PATISSERIE;100%;
14;EPICERIE;142;CONFISERIE;1420;TABLETTES DE CHOCOLAT;100%;
14;EPICERIE;142;CONFISERIE;1422;CONFISERIE DE SUCRE;100%;
14;EPICERIE;142;CONFISERIE;1424;CHEWING-GUM;100%;
14;EPICERIE;142;CONFISERIE;1421;CONFISERIE DE CHOCOLAT;100%;
14;EPICERIE;142;CONFISERIE;1423;PATES DE FRUITS, NOUGATS;100%;
14;EPICERIE;142;CONFISERIE;1425;CHOCOLATS SAISONNIERS NOEL;100%;
14;EPICERIE;142;CONFISERIE;1426;CHOCOLATS SAISONNIERS PAQUES;100%;
14;EPICERIE;143;DESSERTS, AIDE PATISSERIE, DIE;1430;FRUITS AUX SIROP;100%;
14;EPICERIE;143;DESSERTS, AIDE PATISSERIE, DIE;1431;COMPOTES;100%;
14;EPICERIE;143;DESSERTS, AIDE PATISSERIE, DIE;1432;DESSERTS PREPARES;100%;
14;EPICERIE;143;DESSERTS, AIDE PATISSERIE, DIE;1433;DESSERTS A PREPARER;100%;
14;EPICERIE;143;DESSERTS, AIDE PATISSERIE, DIE;1441;AIDES A LA PATISSERIE;100%;
14;EPICERIE;143;DESSERTS, AIDE PATISSERIE, DIE;1435;SUCRES;100%;
14;EPICERIE;143;DESSERTS, AIDE PATISSERIE, DIE;1436;FARINES;100%;
14;EPICERIE;143;DESSERTS, AIDE PATISSERIE, DIE;1437;DIETETIQUE;100%;
14;EPICERIE;144;ALIMENTS INFANTILES;1442;FARINE CEREALE,PETIT DEJ;100%;
14;EPICERIE;144;ALIMENTS INFANTILES;1440;JUS FRUITS, FRUIT, GOUTER;100%;
14;EPICERIE;144;ALIMENTS INFANTILES;1441;REPAS LEGUME,LEGUM/VIANDE;100%;
14;EPICERIE;144;ALIMENTS INFANTILES;1443;LAITS INFANTILES;100%;
14;EPICERIE;145;POTAGES, PATES, FECULENTS & AU;1450;POTAGES;100%;
14;EPICERIE;145;POTAGES, PATES, FECULENTS & AU;1451;PATES;100%;
14;EPICERIE;145;POTAGES, PATES, FECULENTS & AU;1452;SEMOULES/COUSCOUS;100%;
14;EPICERIE;145;POTAGES, PATES, FECULENTS & AU;1453;LEGUMES SECS;100%;
14;EPICERIE;145;POTAGES, PATES, FECULENTS & AU;1454;RIZ;100%;
14;EPICERIE;145;POTAGES, PATES, FECULENTS & AU;1455;PUREE;100%;
14;EPICERIE;146;CONSERVES ET PLATS CUISINES;1462;CONSERVE MAIS,EXOT,SALADE;100%;
14;EPICERIE;146;CONSERVES ET PLATS CUISINES;1460;CONSERVES LEG.VERTS;100%;
14;EPICERIE;146;CONSERVES ET PLATS CUISINES;1461;CONSERVES AUTRES LEG.;100%;
14;EPICERIE;146;CONSERVES ET PLATS CUISINES;1463;CONSERVES CHAMPIGNONS;100%;
14;EPICERIE;146;CONSERVES ET PLATS CUISINES;1464;CONSERVES POISSONS;100%;
14;EPICERIE;146;CONSERVES ET PLATS CUISINES;1465;CONSERVES VIANDES PATES;100%;
14;EPICERIE;146;CONSERVES ET PLATS CUISINES;1466;PLATS CUISINES;100%;
14;EPICERIE;146;CONSERVES ET PLATS CUISINES;1467;PRODUITS DU MONDE;100%;
14;EPICERIE;147;CONDIMENTS ET ASSAISONNEMENT;1471;SAUCES FROIDES;100%;
14;EPICERIE;147;CONDIMENTS ET ASSAISONNEMENT;1470;CONDIMENTS;100%;
14;EPICERIE;147;CONDIMENTS ET ASSAISONNEMENT;1472;SAUCES CHAUDES;100%;
14;EPICERIE;147;CONDIMENTS ET ASSAISONNEMENT;1473;HUILES ET VINAIGRES;100%;
14;EPICERIE;147;CONDIMENTS ET ASSAISONNEMENT;1474;SELS ET EPICES;100%;
14;EPICERIE;147;CONDIMENTS ET ASSAISONNEMENT;1475;BOUILLON,AIDE CULINAIRE;100%;
14;EPICERIE;148;PRODUITS POUR APERITIFS;1480;GRAINES ET MELANGES;100%;
14;EPICERIE;148;PRODUITS POUR APERITIFS;1481;BISCUITS SALES;100%;
14;EPICERIE;148;PRODUITS POUR APERITIFS;1484;CHIPS;100%;
14;EPICERIE;148;PRODUITS POUR APERITIFS;1482;SOUFFLES-EXTRUDES;100%;
14;EPICERIE;148;PRODUITS POUR APERITIFS;1483;AUTRES PRODUITS APERITIFS;100%;
14;EPICERIE;149;ALIMENTS POUR ANIMAUX;1490;ALIMENTS POUR CHIENS;100%;
14;EPICERIE;149;ALIMENTS POUR ANIMAUX;1491;ALIMENTS POUR CHATS;100%;
14;EPICERIE;149;ALIMENTS POUR ANIMAUX;1492;RONGEUR;100%;
14;EPICERIE;149;ALIMENTS POUR ANIMAUX;1493;OISEAUX;100%;
14;EPICERIE;149;ALIMENTS POUR ANIMAUX;1494;BASSE COUR;100%;
14;EPICERIE;149;ALIMENTS POUR ANIMAUX;1495;POISSONS;100%;
14;EPICERIE;149;ALIMENTS POUR ANIMAUX;1496;NOUVEAUX ANIMEAUX DE COMPAGNIE;100%;
14;EPICERIE;149;ALIMENTS POUR ANIMAUX;1499;REMBOURSEMENTS EPICERIE;100%;
19;PARAPHARMACIE;190;SOINS;1900;TOILETTE DU VISAGE;100%;
19;PARAPHARMACIE;190;SOINS;1901;SOINS DU VISAGE;100%;
19;PARAPHARMACIE;190;SOINS;1902;SPECIFIQUES VISAGE;100%;
19;PARAPHARMACIE;190;SOINS;1903;SOINS DU CORPS;100%;
19;PARAPHARMACIE;190;SOINS;1904;SPECIFIQUES CORPS;100%;
19;PARAPHARMACIE;190;SOINS;1905;SOLAIRES;100%;
19;PARAPHARMACIE;191;HYGIENE;1910;TOILETTE;100%;
19;PARAPHARMACIE;191;HYGIENE;1911;HYGIENE BUCCO-DENTAIRE;100%;
19;PARAPHARMACIE;191;HYGIENE;1912;HYGIENE DES PIEDS;100%;
19;PARAPHARMACIE;191;HYGIENE;1913;PREMIERS SOINS;100%;
19;PARAPHARMACIE;191;HYGIENE;1914;HYGIENE FEMININE;100%;
19;PARAPHARMACIE;191;HYGIENE;1915;DIVERS;100%;
19;PARAPHARMACIE;192;CAPILLAIRE;1920;SHAMPOINGS;100%;
19;PARAPHARMACIE;192;CAPILLAIRE;1921;SOINS CAPILLAIRES;100%;
19;PARAPHARMACIE;192;CAPILLAIRE;1922;COLORATION;100%;
19;PARAPHARMACIE;193;BEBE;1930;TOILETTE DU BEBE;100%;
19;PARAPHARMACIE;193;BEBE;1931;ALIMENTATION INFANTILE;100%;
19;PARAPHARMACIE;193;BEBE;1932;ACCESSOIRES BEBE;100%;
19;PARAPHARMACIE;194;DIETETIQUE;1940;ALIMENTATION DIETETIQUE;100%;
19;PARAPHARMACIE;194;DIETETIQUE;1941;PHYTOTHERAPIE;100%;
19;PARAPHARMACIE;194;DIETETIQUE;1942;COMPLEMENTS ALIMENTAIRE;100%;
19;PARAPHARMACIE;195;HOMME ET PARFUMS;1950;SOINS DE L'HOMME;100%;
19;PARAPHARMACIE;195;HOMME ET PARFUMS;1951;PARFUMS;100%;
19;PARAPHARMACIE;195;HOMME ET PARFUMS;1952;PRODUITS PARFUMANTS;100%;
19;PARAPHARMACIE;196;MAQUILLAGE;1960;MAQUILLAGE DU TEINT;100%;
19;PARAPHARMACIE;196;MAQUILLAGE;1961;MAQUILLAGE DES YEUX;100%;
19;PARAPHARMACIE;196;MAQUILLAGE;1962;MAQUILLAGE DES LEVRES;100%;
19;PARAPHARMACIE;196;MAQUILLAGE;1963;MAQUILLAGE DES ONGLES;100%;
19;PARAPHARMACIE;196;MAQUILLAGE;1964;DIVERS MAQUILLAGE;100%;
19;PARAPHARMACIE;199;GESTION PARAPHARMACIE;1990;DIVERS;100%;
19;PARAPHARMACIE;199;GESTION PARAPHARMACIE;1999;REMBOURSEMENT PARAPHARMACIE;100%;
20;CHARCUT.TRAITEUR;200;CHARCUTERIE COUPE;2000;JAMBON CUIT;100%;
20;CHARCUT.TRAITEUR;200;CHARCUTERIE COUPE;2001;SALAISON,SAUCISSON CUITS;100%;
20;CHARCUT.TRAITEUR;200;CHARCUTERIE COUPE;2002;VIANDE,JAMBON: SECS, CRUS;100%;
20;CHARCUT.TRAITEUR;200;CHARCUTERIE COUPE;2003;PATES;100%;
20;CHARCUT.TRAITEUR;200;CHARCUTERIE COUPE;2004;CHARCUTERIE A CUIRE;100%;
20;CHARCUT.TRAITEUR;200;CHARCUTERIE COUPE;2005;SALAISONS;100%;
20;CHARCUT.TRAITEUR;201;CHARCUTERIE L.S COUPE;2011;CHARCUTERIE LS INDUSTRIEL;100%;
20;CHARCUT.TRAITEUR;201;CHARCUTERIE L.S COUPE;2010;CHARCUTERIE EMBAL PROGRE.;100%;
20;CHARCUT.TRAITEUR;202;TRAITEUR COUPE;2020;APERITIF, LEGUMES MARINES;100%;
20;CHARCUT.TRAITEUR;202;TRAITEUR COUPE;2021;SALADES;100%;
20;CHARCUT.TRAITEUR;202;TRAITEUR COUPE;2022;ENTREES FROIDES;100%;
20;CHARCUT.TRAITEUR;202;TRAITEUR COUPE;2023;ENTREES CHAUDES;100%;
20;CHARCUT.TRAITEUR;202;TRAITEUR COUPE;2024;CUISINES DU MONDE;100%;
20;CHARCUT.TRAITEUR;202;TRAITEUR COUPE;2025;PLATS CUISINES;100%;
20;CHARCUT.TRAITEUR;202;TRAITEUR COUPE;2027;PRODUITS FESTIFS;100%;
20;CHARCUT.TRAITEUR;203;TRAITEUR L.S COUPE;2035;ENTREES CHAUDES LS INDUS.;100%;
20;CHARCUT.TRAITEUR;203;TRAITEUR L.S COUPE;2030;TRAITEUR LS EMBAL PROGRESSIF;100%;
20;CHARCUT.TRAITEUR;203;TRAITEUR L.S COUPE;2031;POINT RESTAURATION;100%;
20;CHARCUT.TRAITEUR;203;TRAITEUR L.S COUPE;2032;APERIT.LEGUM MARI LS IND.;100%;
20;CHARCUT.TRAITEUR;203;TRAITEUR L.S COUPE;2033;SALADES LS INDUSTRIELLE;100%;
20;CHARCUT.TRAITEUR;203;TRAITEUR L.S COUPE;2034;ENTREES FROIDES LS INDUS.;100%;
20;CHARCUT.TRAITEUR;203;TRAITEUR L.S COUPE;2036;QUICH.TART.TOURT.PIZZA LS;100%;
20;CHARCUT.TRAITEUR;203;TRAITEUR L.S COUPE;2037;CUISINES DU MONDE;100%;
20;CHARCUT.TRAITEUR;203;TRAITEUR L.S COUPE;2038;PLATS CUISINES;100%;
20;CHARCUT.TRAITEUR;204;TRAITEUR CUIT SUR PLACE;2040;ROTISSERIE CUIT SUR PLACE;100%;
20;CHARCUT.TRAITEUR;204;TRAITEUR CUIT SUR PLACE;2041;PIZZA ET QUICHE;100%;
20;CHARCUT.TRAITEUR;204;TRAITEUR CUIT SUR PLACE;2042;CUISINE ASSEMBLAGE POELON;100%;
20;CHARCUT.TRAITEUR;205;FROMAGE A LA COUPE;2050;PATES MOLLES;100%;
20;CHARCUT.TRAITEUR;205;FROMAGE A LA COUPE;2051;PATES PERSILLEES;100%;
20;CHARCUT.TRAITEUR;205;FROMAGE A LA COUPE;2052;CHEVRES/BREBIS;100%;
20;CHARCUT.TRAITEUR;205;FROMAGE A LA COUPE;2054;PATES PRESSES CUITES;100%;
20;CHARCUT.TRAITEUR;205;FROMAGE A LA COUPE;2055;PATES PRESSES NON CUITES;100%;
20;CHARCUT.TRAITEUR;205;FROMAGE A LA COUPE;2056;FROMAGE BIOLOGIQUE;100%;
20;CHARCUT.TRAITEUR;205;FROMAGE A LA COUPE;2057;FROMAGE TYPIQUE REGIONAUX;100%;
20;CHARCUT.TRAITEUR;205;FROMAGE A LA COUPE;2058;CREMERIE ET OEUF VRAC;100%;
20;CHARCUT.TRAITEUR;205;FROMAGE A LA COUPE;2059;FROMAGE EMBAL.PROGRESSIF;100%;
20;CHARCUT.TRAITEUR;206;STAND ANIMATION;2060;STAND ANIM CHARC-TRAITEUR;100%;
20;CHARCUT.TRAITEUR;206;STAND ANIMATION;2061;STAND ANIMATION FROMAGE;100%;
20;CHARCUT.TRAITEUR;209;GESTION DU RAYON CHARCUTERIE;2090;COMMANDE CLIENTS CHARCUT.;100%;
20;CHARCUT.TRAITEUR;209;GESTION DU RAYON CHARCUTERIE;2091;COMMANDE CLIENTS FROMAGE;100%;
20;CHARCUT.TRAITEUR;209;GESTION DU RAYON CHARCUTERIE;2092;ECONOMAT CHARCUTERIE;100%;
20;CHARCUT.TRAITEUR;209;GESTION DU RAYON CHARCUTERIE;2093;ECONOMAT FROMAGE;100%;
20;CHARCUT.TRAITEUR;209;GESTION DU RAYON CHARCUTERIE;2099;REMBOURSEMENT CHARC/FROMAGE;100%;
21;POISSONNERIE;210;POISSON LIBRE SERVICE;2100;PETITS POISSONS L SERVICE;100%;
21;POISSONNERIE;210;POISSON LIBRE SERVICE;2101;GROS POISSON L SERVICE;100%;
21;POISSONNERIE;210;POISSON LIBRE SERVICE;2102;POISSON PLAT L SERVICE;100%;
21;POISSONNERIE;210;POISSON LIBRE SERVICE;2103;POISSON D'EAU DOUCE L.S.;100%;
21;POISSONNERIE;210;POISSON LIBRE SERVICE;2104;FILET DE POISSON L.S.;100%;
21;POISSONNERIE;210;POISSON LIBRE SERVICE;2105;POISSON TRANSFORME L.S.;100%;
21;POISSONNERIE;211;POISSON STAND;2110;PETIT POISSON STAND;100%;
21;POISSONNERIE;211;POISSON STAND;2111;GROS POISSON STAND;100%;
21;POISSONNERIE;211;POISSON STAND;2112;POISSON PLAT STAND;100%;
21;POISSONNERIE;211;POISSON STAND;2113;POISSON D'EAU DOUCE STAND;100%;
21;POISSONNERIE;211;POISSON STAND;2114;FILET DE POISSON STAND;100%;
21;POISSONNERIE;211;POISSON STAND;2115;POISSON TRANSFORME STAND;100%;
21;POISSONNERIE;211;POISSON STAND;2116;POISSON CONGELE;100%;
21;POISSONNERIE;212;CRUSTACE, COQUILLAGE STAND;2120;CRUSTACE STAND;100%;
21;POISSONNERIE;212;CRUSTACE, COQUILLAGE STAND;2121;COQUILLAGE STAND;100%;
21;POISSONNERIE;213;CRUSTACE,COQUILLAGE L.S.;2130;CRUSTACE L.S.;100%;
21;POISSONNERIE;213;CRUSTACE,COQUILLAGE L.S.;2131;COQUILLAGE LIBRE SERVICE;100%;
21;POISSONNERIE;214;HUITRES;2140;HUITRES MARENNES;100%;
21;POISSONNERIE;214;HUITRES;2141;HUITRES BRETONNES;100%;
21;POISSONNERIE;214;HUITRES;2142;HUITRES NORMANDES;100%;
21;POISSONNERIE;214;HUITRES;2143;HUITRES AUTRE ORIGINE;100%;
21;POISSONNERIE;219;GESTION DU RAYON POISSON;2190;COMMANDES CLIENTS POISSON;100%;
21;POISSONNERIE;219;GESTION DU RAYON POISSON;2191;ECONOMAT POISSON;100%;
21;POISSONNERIE;219;GESTION DU RAYON POISSON;2199;REMBOURSEMENT POISSONNERIE;100%;
22;FRUITS ET LEGUMES;220;FRUITS;2200;AGRUMES VRACS;100%;
22;FRUITS ET LEGUMES;220;FRUITS;2201;AGRUMES CONDITIONNES;100%;
22;FRUITS ET LEGUMES;220;FRUITS;2202;FRUITS D'ETE VRAC;100%;
22;FRUITS ET LEGUMES;220;FRUITS;2203;FRUITS D'ETE CONDITIONNES;100%;
22;FRUITS ET LEGUMES;220;FRUITS;2204;FRUITS ROUGE VRACS;100%;
22;FRUITS ET LEGUMES;220;FRUITS;2205;FRUITS ROUGE CONDITIONNES;100%;
22;FRUITS ET LEGUMES;220;FRUITS;2206;FRUITS A PEPIN VRACS;100%;
22;FRUITS ET LEGUMES;220;FRUITS;2207;FRUITS A PEPIN CONDITIONNES;100%;
22;FRUITS ET LEGUMES;221;PRODUITS EXOTIQUES;2210;FRUITS EXOTIQUE VRACS;100%;
22;FRUITS ET LEGUMES;221;PRODUITS EXOTIQUES;2211;FRUITS EXOTIQUE CONDITIONNES;100%;
22;FRUITS ET LEGUMES;221;PRODUITS EXOTIQUES;2212;LEGUMES EXOTIQUES VRACS;100%;
22;FRUITS ET LEGUMES;221;PRODUITS EXOTIQUES;2213;LEGUMES EXOTIQUES CONDITIONNE;100%;
22;FRUITS ET LEGUMES;222;LEGUMES;2220;SALADE;100%;
22;FRUITS ET LEGUMES;222;LEGUMES;2221;CRUDITES VRACS;100%;
22;FRUITS ET LEGUMES;222;LEGUMES;2222;CRUDITES CONDITIONNES;100%;
22;FRUITS ET LEGUMES;222;LEGUMES;2223;LEGUMES A CUIRE VRACS;100%;
22;FRUITS ET LEGUMES;222;LEGUMES;2224;LEGUMES A CUIRE CONDITIONNE;100%;
22;FRUITS ET LEGUMES;222;LEGUMES;2225;CHAMPIGNONS VRACS;100%;
22;FRUITS ET LEGUMES;222;LEGUMES;2226;CHAMPIGNONS CONDITIONNES;100%;
22;FRUITS ET LEGUMES;222;LEGUMES;2227;POMMES DE TERRE VRACS;100%;
22;FRUITS ET LEGUMES;222;LEGUMES;2228;POMMES DE TERRE CONDITIONNES;100%;
22;FRUITS ET LEGUMES;222;LEGUMES;2229;CONDIMENTS;100%;
22;FRUITS ET LEGUMES;223;PRODUITS BIOLOGIQUES;2230;FRUITS BIOLOGIQUES VRACS;100%;
22;FRUITS ET LEGUMES;223;PRODUITS BIOLOGIQUES;2231;FRUITS BIOLOGIQUES CONDITIONNE;100%;
22;FRUITS ET LEGUMES;223;PRODUITS BIOLOGIQUES;2232;LEGUMES BIOLOGIQUES VRACS;100%;
22;FRUITS ET LEGUMES;223;PRODUITS BIOLOGIQUES;2233;LEGUMES BIOLOGIQUES CONDITIONN;100%;
22;FRUITS ET LEGUMES;224;4EME/5EME GAMME INDUSTRIELLE;2240;SALADE 4EME/5EME GAMME;100%;
22;FRUITS ET LEGUMES;224;4EME/5EME GAMME INDUSTRIELLE;2241;CRUDITE 4EME/5EME GAMME;100%;
22;FRUITS ET LEGUMES;224;4EME/5EME GAMME INDUSTRIELLE;2242;PRODUIT PRECUIT 4E/5E GAMME;100%;
22;FRUITS ET LEGUMES;224;4EME/5EME GAMME INDUSTRIELLE;2243;PRODUIT CUIT 4E/5E GAMME;100%;
22;FRUITS ET LEGUMES;224;4EME/5EME GAMME INDUSTRIELLE;2244;CONDIMENT 4E/5E GAMME;100%;
22;FRUITS ET LEGUMES;224;4EME/5EME GAMME INDUSTRIELLE;2245;PRODUIT BIO 4E/5E GAMME;100%;
22;FRUITS ET LEGUMES;224;4EME/5EME GAMME INDUSTRIELLE;2246;MINI LEGUM 4E/5E GAMME;100%;
22;FRUITS ET LEGUMES;224;4EME/5EME GAMME INDUSTRIELLE;2247;SALADE FRUIT COND.4E/5E GAMME;100%;
22;FRUITS ET LEGUMES;225;FRUITS SECS LEGUMES SECS;2251;FRUITS SECS CONDITIONNES;100%;
22;FRUITS ET LEGUMES;225;FRUITS SECS LEGUMES SECS;2250;FRUITS SECS VRACS;100%;
22;FRUITS ET LEGUMES;225;FRUITS SECS LEGUMES SECS;2252;LEGUMES SECS VRACS;100%;
22;FRUITS ET LEGUMES;225;FRUITS SECS LEGUMES SECS;2253;LEGUMES SECS CONDITIONNES;100%;
22;FRUITS ET LEGUMES;226;OLIVES;2260;OLIVES CONDITIONNEES;100%;
22;FRUITS ET LEGUMES;227;JUS FRUIT ET LEGUMES S/PLACE;2270;JUS FRUITS FAB SUR PLACE;100%;
22;FRUITS ET LEGUMES;227;JUS FRUIT ET LEGUMES S/PLACE;2271;FRUITS PREPARES SUR PLACE;100%;
22;FRUITS ET LEGUMES;227;JUS FRUIT ET LEGUMES S/PLACE;2272;LEGUME PREPARE SUR PLACE;100%;
22;FRUITS ET LEGUMES;227;JUS FRUIT ET LEGUMES S/PLACE;2273;OLIVES VRACS;100%;
22;FRUITS ET LEGUMES;227;JUS FRUIT ET LEGUMES S/PLACE;2274;EPICES;100%;
22;FRUITS ET LEGUMES;227;JUS FRUIT ET LEGUMES S/PLACE;2275;SALADERIE;100%;
22;FRUITS ET LEGUMES;228;FLEURS;2280;BOUQUETS COMPOSES;100%;
22;FRUITS ET LEGUMES;228;FLEURS;2281;FLEURS ISSUES DE BULBE;100%;
22;FRUITS ET LEGUMES;228;FLEURS;2282;FLEURS HERBACEES;100%;
22;FRUITS ET LEGUMES;228;FLEURS;2283;FLEURS LIGNEUSES;100%;
22;FRUITS ET LEGUMES;228;FLEURS;2284;FLEURS EXOTIQUES;100%;
22;FRUITS ET LEGUMES;228;FLEURS;2285;COMPOSITION;100%;
22;FRUITS ET LEGUMES;228;FLEURS;2286;FEUILLAGES;100%;
22;FRUITS ET LEGUMES;228;FLEURS;2287;PRODUITS FESTIFS;100%;
22;FRUITS ET LEGUMES;229;GESTION FRUITS ET LEGUMES;2290;COMMANDE CLIENT FRUIT/LEGUMES;100%;
22;FRUITS ET LEGUMES;229;GESTION FRUITS ET LEGUMES;2291;ECONOMAT FRUITS ET LEGUMES;100%;
22;FRUITS ET LEGUMES;229;GESTION FRUITS ET LEGUMES;2299;REMBOURSEMENT FRUIT ET LEGUMES;100%;
23;BOULANGERIE/PATISSERIE;230;BOULANGERIE;2300;PAINS;100%;
23;BOULANGERIE/PATISSERIE;230;BOULANGERIE;2301;PAINS DE CAMPAGNE;100%;
23;BOULANGERIE/PATISSERIE;230;BOULANGERIE;2302;PAINS SPECIAUX;100%;
23;BOULANGERIE/PATISSERIE;230;BOULANGERIE;2303;PETITS PAINS;100%;
23;BOULANGERIE/PATISSERIE;230;BOULANGERIE;2304;PAINS BIOLOGIQUES;100%;
23;BOULANGERIE/PATISSERIE;231;VIENNOISERIES;2310;CROISSANTS ET DERIVES;100%;
23;BOULANGERIE/PATISSERIE;231;VIENNOISERIES;2311;BRIOCHES;100%;
23;BOULANGERIE/PATISSERIE;231;VIENNOISERIES;2312;AUTRES VIENNOISERIES;100%;
23;BOULANGERIE/PATISSERIE;232;PATISSERIES;2320;PATISSERIE SECHE;100%;
23;BOULANGERIE/PATISSERIE;232;PATISSERIES;2321;TARTES;100%;
23;BOULANGERIE/PATISSERIE;232;PATISSERIES;2322;GRANDE PIECES;100%;
23;BOULANGERIE/PATISSERIE;232;PATISSERIES;2323;INDIVIDUELLES;100%;
23;BOULANGERIE/PATISSERIE;232;PATISSERIES;2324;PATES ET SERVICES;100%;
23;BOULANGERIE/PATISSERIE;233;CHOCOLATS ET CONFISERIES;2330;CHOCOLATS MAISON;100%;
23;BOULANGERIE/PATISSERIE;233;CHOCOLATS ET CONFISERIES;2331;CONFISERIES MAISON;100%;
23;BOULANGERIE/PATISSERIE;234;PATISSERIE GLACEE;2340;GLACE VRAC;100%;
23;BOULANGERIE/PATISSERIE;234;PATISSERIE GLACEE;2341;GLACE LIBRE SERVICE;100%;
23;BOULANGERIE/PATISSERIE;234;PATISSERIE GLACEE;2342;PATISSERIE GLACEE;100%;
23;BOULANGERIE/PATISSERIE;235;COMMANDE CLIENTS;2352;COMMANDE CLIENT PATIS;100%;
23;BOULANGERIE/PATISSERIE;238;ACHAT FABRICATION PARTIEL;2380;ACHAT FABRIC PARTIEL BOUL;100%;
23;BOULANGERIE/PATISSERIE;238;ACHAT FABRICATION PARTIEL;2381;ACHAT FABRIC PARTIEL VIEN;100%;
23;BOULANGERIE/PATISSERIE;238;ACHAT FABRICATION PARTIEL;2382;ACHAT FABRIC PARTIEL PATI;100%;
23;BOULANGERIE/PATISSERIE;239;ACHATS BOUL/PATISSERIE;2391;EMBALLAGE BOUL/PATE;100%;
23;BOULANGERIE/PATISSERIE;239;ACHATS BOUL/PATISSERIE;2392;MATIERE 1ERE BOUL/PATE;100%;
23;BOULANGERIE/PATISSERIE;239;ACHATS BOUL/PATISSERIE;2399;REMBOURSEMENT BOULANG/PATIS.;100%;
24;BOUCHERIE VOLAILLE;240;VIANDES BIO ET ETHNIQUE;2400;VIANDES BOVINE BIO;100%;
24;BOUCHERIE VOLAILLE;240;VIANDES BIO ET ETHNIQUE;2401;HACHE BIO;100%;
24;BOUCHERIE VOLAILLE;240;VIANDES BIO ET ETHNIQUE;2402;VEAU BIO;100%;
24;BOUCHERIE VOLAILLE;240;VIANDES BIO ET ETHNIQUE;2403;AGNEAU BIO;100%;
24;BOUCHERIE VOLAILLE;240;VIANDES BIO ET ETHNIQUE;2404;PORC BIO;100%;
24;BOUCHERIE VOLAILLE;240;VIANDES BIO ET ETHNIQUE;2405;SAUCISSE BIO;100%;
24;BOUCHERIE VOLAILLE;240;VIANDES BIO ET ETHNIQUE;2406;VIANDE BOVINE ETNIQUE;100%;
24;BOUCHERIE VOLAILLE;240;VIANDES BIO ET ETHNIQUE;2407;VEAU ETHNIQUE;100%;
24;BOUCHERIE VOLAILLE;240;VIANDES BIO ET ETHNIQUE;2408;AGNEAU ETHNIQUE;100%;
24;BOUCHERIE VOLAILLE;241;VIANDE BOVINE;2410;FQC RACE VIANDE;100%;
24;BOUCHERIE VOLAILLE;241;VIANDE BOVINE;2411;FQC RACE MIXTE;100%;
24;BOUCHERIE VOLAILLE;241;VIANDE BOVINE;2412;VBF;100%;
24;BOUCHERIE VOLAILLE;241;VIANDE BOVINE;2413;TAUREAU;100%;
24;BOUCHERIE VOLAILLE;241;VIANDE BOVINE;2414;VIANDE BOVINE 1/2 GROS;100%;
24;BOUCHERIE VOLAILLE;241;VIANDE BOVINE;2415;HACHE BOEUF BARQUETTE;100%;
24;BOUCHERIE VOLAILLE;242;VEAU ET PORC;2420;VEAU FQC;100%;
24;BOUCHERIE VOLAILLE;242;VEAU ET PORC;2421;VEAU STAND;100%;
24;BOUCHERIE VOLAILLE;242;VEAU ET PORC;2422;VEAU HACHE;100%;
24;BOUCHERIE VOLAILLE;242;VEAU ET PORC;2423;PORC FQC;100%;
24;BOUCHERIE VOLAILLE;242;VEAU ET PORC;2424;PORC STD;100%;
24;BOUCHERIE VOLAILLE;242;VEAU ET PORC;2425;PORC 1/2 SEL;100%;
24;BOUCHERIE VOLAILLE;243;OVINS-CAPRINS;2430;AGNEAU FRANCAIS FQC;100%;
24;BOUCHERIE VOLAILLE;243;OVINS-CAPRINS;2431;AGNEAU FRANCAIS STAND;100%;
24;BOUCHERIE VOLAILLE;243;OVINS-CAPRINS;2432;AGNEAU IMPORT CONTROLE;100%;
24;BOUCHERIE VOLAILLE;243;OVINS-CAPRINS;2433;AGNEAU IMPORT STAND;100%;
24;BOUCHERIE VOLAILLE;243;OVINS-CAPRINS;2434;AGNEAU DE LAIT;100%;
24;BOUCHERIE VOLAILLE;243;OVINS-CAPRINS;2435;MOUTON;100%;
24;BOUCHERIE VOLAILLE;243;OVINS-CAPRINS;2436;CHEVREAU;100%;
24;BOUCHERIE VOLAILLE;244;CHEVAL/ABAT/GIBIER/VDE EXOT.;2440;CHEVAL;100%;
24;BOUCHERIE VOLAILLE;244;CHEVAL/ABAT/GIBIER/VDE EXOT.;2441;ABATS;100%;
24;BOUCHERIE VOLAILLE;244;CHEVAL/ABAT/GIBIER/VDE EXOT.;2442;VIANDES EXOTIQUES;100%;
24;BOUCHERIE VOLAILLE;244;CHEVAL/ABAT/GIBIER/VDE EXOT.;2443;GIBIER A POIL;100%;
24;BOUCHERIE VOLAILLE;244;CHEVAL/ABAT/GIBIER/VDE EXOT.;2444;GIBIER A PLUME;100%;
24;BOUCHERIE VOLAILLE;244;CHEVAL/ABAT/GIBIER/VDE EXOT.;2445;VIANDE POUR ANIMAUX;100%;
24;BOUCHERIE VOLAILLE;245;SAUCISSERIE-BARBECUE;2452;SAUCISSERIE BARQUETTES;100%;
24;BOUCHERIE VOLAILLE;245;SAUCISSERIE-BARBECUE;2450;CHAIR ET FARCE;100%;
24;BOUCHERIE VOLAILLE;245;SAUCISSERIE-BARBECUE;2451;CREPINETTES;100%;
24;BOUCHERIE VOLAILLE;245;SAUCISSERIE-BARBECUE;2453;SAUCISSERIE CAISSETTES;100%;
24;BOUCHERIE VOLAILLE;245;SAUCISSERIE-BARBECUE;2454;BARBECUE;100%;
24;BOUCHERIE VOLAILLE;245;SAUCISSERIE-BARBECUE;2455;SAUCES ET BEURRE;100%;
24;BOUCHERIE VOLAILLE;246;SPECIALITE BOUCHERE,PROD SERV.;2460;VIANDE HEBDOPACK;100%;
24;BOUCHERIE VOLAILLE;246;SPECIALITE BOUCHERE,PROD SERV.;2461;SPECIALITE BOUCHERE IND. BOEUF;100%;
24;BOUCHERIE VOLAILLE;246;SPECIALITE BOUCHERE,PROD SERV.;2462;SPECIALITE BOUCHERE IND. VEAU;100%;
24;BOUCHERIE VOLAILLE;246;SPECIALITE BOUCHERE,PROD SERV.;2463;SBI AGNEAU;100%;
24;BOUCHERIE VOLAILLE;246;SPECIALITE BOUCHERE,PROD SERV.;2464;SBI PORC;100%;
24;BOUCHERIE VOLAILLE;246;SPECIALITE BOUCHERE,PROD SERV.;2465;SBI ABATS;100%;
24;BOUCHERIE VOLAILLE;246;SPECIALITE BOUCHERE,PROD SERV.;2466;SBI CHEVAL;100%;
24;BOUCHERIE VOLAILLE;246;SPECIALITE BOUCHERE,PROD SERV.;2467;VIANDE PRET A MANGER;100%;
24;BOUCHERIE VOLAILLE;246;SPECIALITE BOUCHERE,PROD SERV.;2468;VIANDE PRET A CUIRE;100%;
24;BOUCHERIE VOLAILLE;246;SPECIALITE BOUCHERE,PROD SERV.;2469;VIANDE PRETE A RECHAUFFER;100%;
24;BOUCHERIE VOLAILLE;247;VOLAILLE A LA COUPE;2471;DECOUPE VOLAILLE COUPE;100%;
24;BOUCHERIE VOLAILLE;247;VOLAILLE A LA COUPE;2470;VOLAILLE ENTIERE COUPE;100%;
24;BOUCHERIE VOLAILLE;247;VOLAILLE A LA COUPE;2472;VOLAILLE PREPAREE COUPE;100%;
24;BOUCHERIE VOLAILLE;248;BOUCHERIE A LA COUPE;2480;BOEUF A LA COUPE;100%;
24;BOUCHERIE VOLAILLE;248;BOUCHERIE A LA COUPE;2481;VEAU A LA COUPE;100%;
24;BOUCHERIE VOLAILLE;248;BOUCHERIE A LA COUPE;2482;AGNEAU/MOUTON A LA COUPE;100%;
24;BOUCHERIE VOLAILLE;248;BOUCHERIE A LA COUPE;2483;CHEVAL A LA COUPE;100%;
24;BOUCHERIE VOLAILLE;248;BOUCHERIE A LA COUPE;2484;PORC A LA COUPE;100%;
24;BOUCHERIE VOLAILLE;248;BOUCHERIE A LA COUPE;2485;ABAT A LA COUPE;100%;
24;BOUCHERIE VOLAILLE;248;BOUCHERIE A LA COUPE;2486;PRODUITS ELABORE COUPE;100%;
24;BOUCHERIE VOLAILLE;248;BOUCHERIE A LA COUPE;2487;SAUCISSERIE A LA COUPE;100%;
24;BOUCHERIE VOLAILLE;248;BOUCHERIE A LA COUPE;2488;GIBIER A LA COUPE;100%;
24;BOUCHERIE VOLAILLE;248;BOUCHERIE A LA COUPE;2489;VIANDE POUR ANIMAUX COUPE;100%;
24;BOUCHERIE VOLAILLE;249;GESTION RAYON BOUCHERIE;2490;COMMANDES CLIENT BOUCHERIE;100%;
24;BOUCHERIE VOLAILLE;249;GESTION RAYON BOUCHERIE;2491;EMBALLAGE BOUCHERIE;100%;
24;BOUCHERIE VOLAILLE;249;GESTION RAYON BOUCHERIE;2492;NECESSAIRE FABRICATION;100%;
24;BOUCHERIE VOLAILLE;249;GESTION RAYON BOUCHERIE;2493;INGREDIENT FABRICATION;100%;
24;BOUCHERIE VOLAILLE;249;GESTION RAYON BOUCHERIE;2494;MATIERE PREMIERE ACHAT LS;100%;
24;BOUCHERIE VOLAILLE;249;GESTION RAYON BOUCHERIE;2495;MATIERE PREMIERE ACHAT CPE;100%;
24;BOUCHERIE VOLAILLE;249;GESTION RAYON BOUCHERIE;2499;REMBOURSEMENT BOUCHERIE-VOLAIL;100%;
25;PRODUITS LIBRE SERVICE;250;FROMAGES;2507;FROMAGES ALLEGES;100%;
25;PRODUITS LIBRE SERVICE;251;ULTRA FRAIS;2510;DESSERTS;100%;
25;PRODUITS LIBRE SERVICE;251;ULTRA FRAIS;2514;BLANCS;100%;
25;PRODUITS LIBRE SERVICE;251;ULTRA FRAIS;2511;LAIT ENTIER ET SPECIALITES;100%;
25;PRODUITS LIBRE SERVICE;251;ULTRA FRAIS;2512;NON BLANCS;100%;
25;PRODUITS LIBRE SERVICE;251;ULTRA FRAIS;2513;SANTE ACTIVE;100%;
25;PRODUITS LIBRE SERVICE;251;ULTRA FRAIS;2515;CROISSANCE;100%;
25;PRODUITS LIBRE SERVICE;251;ULTRA FRAIS;2516;BOISSONS;100%;
25;PRODUITS LIBRE SERVICE;251;ULTRA FRAIS;2517;COMPOTES;100%;
25;PRODUITS LIBRE SERVICE;252;CREMERIE;2520;CREMES ET SAUCES;100%;
25;PRODUITS LIBRE SERVICE;252;CREMERIE;2523;OEUFS;100%;
25;PRODUITS LIBRE SERVICE;252;CREMERIE;2521;BEURRE;100%;
25;PRODUITS LIBRE SERVICE;252;CREMERIE;2522;CORPS GRAS VEGETAL/MIXTE;100%;
25;PRODUITS LIBRE SERVICE;252;CREMERIE;2524;LAIT;100%;
25;PRODUITS LIBRE SERVICE;253;VOLAILLE;2530;VOLAILLES ENTIERES;100%;
25;PRODUITS LIBRE SERVICE;253;VOLAILLE;2531;DECOUPE DE VOLAILLES;100%;
25;PRODUITS LIBRE SERVICE;253;VOLAILLE;2532;PRODUITS PREPARES;100%;
25;PRODUITS LIBRE SERVICE;253;VOLAILLE;2533;VOLAILLE HALAL ET CASHER;100%;
25;PRODUITS LIBRE SERVICE;253;VOLAILLE;2534;ALIMENTS POUR ANIMAUX;100%;
25;PRODUITS LIBRE SERVICE;254;CHARCUTERIE;2541;JAMBON CRU, SEC ET TRANCHAGE;100%;
25;PRODUITS LIBRE SERVICE;254;CHARCUTERIE;2543;SAUCISSERIE SECHE;100%;
25;PRODUITS LIBRE SERVICE;254;CHARCUTERIE;2545;HALAL & CASHER;100%;
25;PRODUITS LIBRE SERVICE;254;CHARCUTERIE;2540;JAMBON CUIT;100%;
25;PRODUITS LIBRE SERVICE;254;CHARCUTERIE;2542;SAUCISSON/PATES/RILLETTES;100%;
25;PRODUITS LIBRE SERVICE;254;CHARCUTERIE;2544;CHARCUTERIE A CUIRE;100%;
25;PRODUITS LIBRE SERVICE;255;TRAITEUR;2550;ENTREES TRAITEUR;100%;
25;PRODUITS LIBRE SERVICE;255;TRAITEUR;2551;TARTES SALEES TRAITEUR;100%;
25;PRODUITS LIBRE SERVICE;255;TRAITEUR;2555;PATES A TARTE;100%;
25;PRODUITS LIBRE SERVICE;256;PRODUITS DE LA MER;2560;SAURISSERIE;100%;
25;PRODUITS LIBRE SERVICE;256;PRODUITS DE LA MER;2561;TRAITEUR DE LA MER;100%;
25;PRODUITS LIBRE SERVICE;256;PRODUITS DE LA MER;2562;CRUSTACES ET ANCHOIS;100%;
25;PRODUITS LIBRE SERVICE;256;PRODUITS DE LA MER;2563;SURIMI;100%;
25;PRODUITS LIBRE SERVICE;256;PRODUITS DE LA MER;2564;TARTINABLES ET BLINIS;100%;
25;PRODUITS LIBRE SERVICE;257;BOULANGERIE/PATISSERIE;2571;VIENNOISERIE;100%;
25;PRODUITS LIBRE SERVICE;257;BOULANGERIE/PATISSERIE;2570;PAIN INDUSTRIEL;100%;
25;PRODUITS LIBRE SERVICE;257;BOULANGERIE/PATISSERIE;2572;PATISSERIE;100%;
25;PRODUITS LIBRE SERVICE;259;GLACES;2593;GLACES VRACS;100%;
25;PRODUITS LIBRE SERVICE;259;GLACES;2590;SNACKING/GRIGNOTAGE;100%;
25;PRODUITS LIBRE SERVICE;259;GLACES;2591;GLACES ENFANTS;100%;
25;PRODUITS LIBRE SERVICE;259;GLACES;2592;DESSERTS INDIVIDUELS;100%;
25;PRODUITS LIBRE SERVICE;259;GLACES;2594;SPECIALITES A PARTAGER;100%;
25;PRODUITS LIBRE SERVICE;259;GLACES;2595;FRUITS ET PATES;100%;
25;PRODUITS LIBRE SERVICE;259;GLACES;2596;SACS;100%;
25;PRODUITS LIBRE SERVICE;259;GLACES;2599;REMBOURSEMENTS P.L.S;100%;
30;BRICOLAGE;300;ELECTRICITE;3000;ACCUMULATEUR;100%;
30;BRICOLAGE;300;ELECTRICITE;3001;PILE;100%;
30;BRICOLAGE;300;ELECTRICITE;3002;ECLAIRAGE PORTATIF;100%;
30;BRICOLAGE;300;ELECTRICITE;3003;AMPOULE;100%;
30;BRICOLAGE;300;ELECTRICITE;3004;ECLAIRAGE FONCTIONNEL;100%;
30;BRICOLAGE;300;ELECTRICITE;3005;RALLONGE PRISE MULTIPLE;100%;
30;BRICOLAGE;300;ELECTRICITE;3006;PETIT MAT D'INSTALLATION;100%;
30;BRICOLAGE;300;ELECTRICITE;3007;FIL ET CABLE;100%;
30;BRICOLAGE;300;ELECTRICITE;3008;ELECTRO.DOMESTIQ. CONFORT;100%;
30;BRICOLAGE;301;OUTILLAGE ELECTRO ACCESSOIRES;3010;TOURNEVIS PERCEUSE PERFO;100%;
30;BRICOLAGE;301;OUTILLAGE ELECTRO ACCESSOIRES;3011;ACCESS PERFO PERCEUS TOURNEVIS;100%;
30;BRICOLAGE;301;OUTILLAGE ELECTRO ACCESSOIRES;3012;SCIE ET ACCESSOIRES;100%;
30;BRICOLAGE;301;OUTILLAGE ELECTRO ACCESSOIRES;3013;PONCEUSE/RABOT/DEFONCEUSE/+;100%;
30;BRICOLAGE;301;OUTILLAGE ELECTRO ACCESSOIRES;3014;MEULEUSE,TOURET,ACCESS;100%;
30;BRICOLAGE;301;OUTILLAGE ELECTRO ACCESSOIRES;3015;PROTECTION DE LA PERSONNE;100%;
30;BRICOLAGE;301;OUTILLAGE ELECTRO ACCESSOIRES;3016;SOUDURE ET ACCESSOIRES;100%;
30;BRICOLAGE;301;OUTILLAGE ELECTRO ACCESSOIRES;3017;N.H.P ET ACCESSOIRES;100%;
30;BRICOLAGE;301;OUTILLAGE ELECTRO ACCESSOIRES;3018;COMPRESSEUR,GROUPE ELECTROGENE;100%;
30;BRICOLAGE;302;OUTILLAGE A MAIN;3020;TOURNEVIS;100%;
30;BRICOLAGE;302;OUTILLAGE A MAIN;3021;CLE DE SERRAGE;100%;
30;BRICOLAGE;302;OUTILLAGE A MAIN;3022;PINCE ET ACCESS. D ETABLI;100%;
30;BRICOLAGE;302;OUTILLAGE A MAIN;3023;AGRAFEUSE,PISTOLET A COLLE;100%;
30;BRICOLAGE;302;OUTILLAGE A MAIN;3024;LIME ET RAPE;100%;
30;BRICOLAGE;302;OUTILLAGE A MAIN;3025;OUTIL TRANCHANT, PERCAGE;100%;
30;BRICOLAGE;302;OUTILLAGE A MAIN;3026;MARTEAU;100%;
30;BRICOLAGE;302;OUTILLAGE A MAIN;3027;MESURE/TRACAGE;100%;
30;BRICOLAGE;302;OUTILLAGE A MAIN;3028;BACHE;100%;
30;BRICOLAGE;302;OUTILLAGE A MAIN;3029;BOITE A OUTILS GARNIE;100%;
30;BRICOLAGE;303;EQUIPEMENT AMENAGEMENT;3030;RANGEMENT OUTILLAGE;100%;
30;BRICOLAGE;303;EQUIPEMENT AMENAGEMENT;3031;RANGEMENT QUINCAILLERIE;100%;
30;BRICOLAGE;303;EQUIPEMENT AMENAGEMENT;3032;EQUIPEMENT GARAGE,ATELIER;100%;
30;BRICOLAGE;303;EQUIPEMENT AMENAGEMENT;3033;CONSOLE;100%;
30;BRICOLAGE;304;QUINCAILLERIE GENERALE;3040;CLOUTERIE;100%;
30;BRICOLAGE;304;QUINCAILLERIE GENERALE;3041;VISSERIE;100%;
30;BRICOLAGE;304;QUINCAILLERIE GENERALE;3042;BOULONNERIE;100%;
30;BRICOLAGE;304;QUINCAILLERIE GENERALE;3043;PITONNERIE;100%;
30;BRICOLAGE;304;QUINCAILLERIE GENERALE;3044;QUINCAILLERIE AMEUBLEMENT;100%;
30;BRICOLAGE;304;QUINCAILLERIE GENERALE;3045;SERRURERIE SECURITE;100%;
30;BRICOLAGE;304;QUINCAILLERIE GENERALE;3046;CORDAGE ET CORDONNERIE;100%;
30;BRICOLAGE;304;QUINCAILLERIE GENERALE;3047;SIGNALISATION,BTE LETTRES;100%;
30;BRICOLAGE;304;QUINCAILLERIE GENERALE;3048;PLOMBERIE;100%;
30;BRICOLAGE;304;QUINCAILLERIE GENERALE;3049;PETITE ISOLATION;100%;
30;BRICOLAGE;305;TRINGLES RIDEAU / STORES /;3050;TAR:FER FORGE,LAITON,ACCESS;100%;
30;BRICOLAGE;305;TRINGLES RIDEAU / STORES /;3051;TRINGLE BOIS, ACCESSOIRES;100%;
30;BRICOLAGE;305;TRINGLES RIDEAU / STORES /;3052;TRINGLE COULEUR ET ACCESS;100%;
30;BRICOLAGE;305;TRINGLES RIDEAU / STORES /;3053;"TRINGLE ""RAIL""ET ACCESS";100%;
30;BRICOLAGE;305;TRINGLES RIDEAU / STORES /;3054;TRINGLE VITRAGE, ACCESS;100%;
30;BRICOLAGE;305;TRINGLES RIDEAU / STORES /;3055;TRINGLE PENDERIE,ACCESS;100%;
30;BRICOLAGE;305;TRINGLES RIDEAU / STORES /;3056;STORE INTERIEUR,MOUSTIQUAIRE;100%;
30;BRICOLAGE;306;ADHESIF/COLLE/MACONNERIE;3060;ADHESIF;100%;
30;BRICOLAGE;306;ADHESIF/COLLE/MACONNERIE;3061;COLLE D  ASSEMBLAGE;100%;
30;BRICOLAGE;306;ADHESIF/COLLE/MACONNERIE;3062;COLLE DECORATION;100%;
30;BRICOLAGE;306;ADHESIF/COLLE/MACONNERIE;3063;OUTIL POUR TAPISSER;100%;
30;BRICOLAGE;306;ADHESIF/COLLE/MACONNERIE;3064;OUTIL DU MACON;100%;
30;BRICOLAGE;306;ADHESIF/COLLE/MACONNERIE;3065;PRODUIT DE REPARATION;100%;
30;BRICOLAGE;306;ADHESIF/COLLE/MACONNERIE;3066;ANTI HUMIDITE;100%;
30;BRICOLAGE;306;ADHESIF/COLLE/MACONNERIE;3067;PREPARATION DES SUPPORTS;100%;
30;BRICOLAGE;307;DECORATION;3070;ADDITIF;100%;
30;BRICOLAGE;307;DECORATION;3071;OUTILLAGE DU PEINTRE;100%;
30;BRICOLAGE;307;DECORATION;3072;PEINTURE DE FINITION;100%;
30;BRICOLAGE;307;DECORATION;3073;PEINTURE FER,BOIS,SOL;100%;
30;BRICOLAGE;307;DECORATION;3074;PEINTURE SPECIALE;100%;
30;BRICOLAGE;307;DECORATION;3075;PEINTURE DE DECORATION;100%;
30;BRICOLAGE;307;DECORATION;3076;PEINTURE MUR ET PLAFOND;100%;
30;BRICOLAGE;307;DECORATION;3077;PEINTURE EXTERIEURE;100%;
30;BRICOLAGE;307;DECORATION;3078;TRAITEMENT,PROTECTION BOIS;100%;
30;BRICOLAGE;307;DECORATION;3079;REVETEMENT MUR SOL PLAFOND;100%;
30;BRICOLAGE;308;MATERIAUX;3080;MATERIAUX DE CONSTRUCTION;100%;
30;BRICOLAGE;308;MATERIAUX;3081;MENUISERIE;100%;
30;BRICOLAGE;308;MATERIAUX;3082;ISOLATION GROS TRAVAUX;100%;
30;BRICOLAGE;308;MATERIAUX;3083;SANITAIRE;100%;
30;BRICOLAGE;308;MATERIAUX;3084;ECHELLE ECHAFAUDAGE;100%;
30;BRICOLAGE;308;MATERIAUX;3085;STORE EXTERIEUR;100%;
30;BRICOLAGE;309;SAV & GESTION BRICOLAGE;3098;SAV BRICOLAGE;100%;
30;BRICOLAGE;309;SAV & GESTION BRICOLAGE;3099;REMBOURSEMENT BRICOLAGE;100%;
31;CONFORT DE LA MAISON;310;VERRERIE;3100;GOBELET;100%;
31;CONFORT DE LA MAISON;310;VERRERIE;3101;VERRE FORME BASSE, HAUTE;100%;
31;CONFORT DE LA MAISON;310;VERRERIE;3102;ESPACE BAR & VIN;100%;
31;CONFORT DE LA MAISON;310;VERRERIE;3103;VERRE A PIED;100%;
31;CONFORT DE LA MAISON;310;VERRERIE;3104;VERRE EN CRISTAL;100%;
31;CONFORT DE LA MAISON;310;VERRERIE;3105;VERRE A L'UNITE;100%;
31;CONFORT DE LA MAISON;310;VERRERIE;3106;PICHET CARAFE;100%;
31;CONFORT DE LA MAISON;310;VERRERIE;3107;SERVICE DE VERRES;100%;
31;CONFORT DE LA MAISON;311;VAISSELLE COUVERTS;3110;VAISSELLE VERRE;100%;
31;CONFORT DE LA MAISON;311;VAISSELLE COUVERTS;3111;VAISSELLE FAIENCE/GRES;100%;
31;CONFORT DE LA MAISON;311;VAISSELLE COUVERTS;3112;VAISSELLE PORCELAINE;100%;
31;CONFORT DE LA MAISON;311;VAISSELLE COUVERTS;3113;VAISSELLE SPECIFIQUE;100%;
31;CONFORT DE LA MAISON;311;VAISSELLE COUVERTS;3114;SERVICE DE TABLE;100%;
31;CONFORT DE LA MAISON;311;VAISSELLE COUVERTS;3115;COUVERTS;100%;
31;CONFORT DE LA MAISON;311;VAISSELLE COUVERTS;3116;DESSERT;100%;
31;CONFORT DE LA MAISON;311;VAISSELLE COUVERTS;3117;ACC. DE TABLES ET DE SERVICE;100%;
31;CONFORT DE LA MAISON;311;VAISSELLE COUVERTS;3118;PETIT DEJEUNER;100%;
31;CONFORT DE LA MAISON;311;VAISSELLE COUVERTS;3119;TALE ENFANTE;100%;
31;CONFORT DE LA MAISON;312;VAJ BOUGIE SENTEUR ACC DE DECO;3120;VAISSELLE A JETER DECOREE;100%;
31;CONFORT DE LA MAISON;312;VAJ BOUGIE SENTEUR ACC DE DECO;3121;VAISSELLE A JETER COULEUR UNIE;100%;
31;CONFORT DE LA MAISON;312;VAJ BOUGIE SENTEUR ACC DE DECO;3122;VAISSELLE A JETER BLANCHE;100%;
31;CONFORT DE LA MAISON;312;VAJ BOUGIE SENTEUR ACC DE DECO;3123;COMPLEMENT DE TABLE JETABLE;100%;
31;CONFORT DE LA MAISON;312;VAJ BOUGIE SENTEUR ACC DE DECO;3124;VAISSELLE A JETER ENFANT;100%;
31;CONFORT DE LA MAISON;312;VAJ BOUGIE SENTEUR ACC DE DECO;3125;ACCESSOIRES DE RECEPTION;100%;
31;CONFORT DE LA MAISON;312;VAJ BOUGIE SENTEUR ACC DE DECO;3126;BOUGIE;100%;
31;CONFORT DE LA MAISON;312;VAJ BOUGIE SENTEUR ACC DE DECO;3127;SENTEUR;100%;
31;CONFORT DE LA MAISON;312;VAJ BOUGIE SENTEUR ACC DE DECO;3128;ARTICLES DECORATION TABLE;100%;
31;CONFORT DE LA MAISON;312;VAJ BOUGIE SENTEUR ACC DE DECO;3129;CADEAU;100%;
31;CONFORT DE LA MAISON;313;ART CULINAIRE;3130;POELE;100%;
31;CONFORT DE LA MAISON;313;ART CULINAIRE;3131;SAUTEUSE;100%;
31;CONFORT DE LA MAISON;313;ART CULINAIRE;3132;CASSEROLE ET COUVERCLE;100%;
31;CONFORT DE LA MAISON;313;ART CULINAIRE;3133;FAITOUT;100%;
31;CONFORT DE LA MAISON;313;ART CULINAIRE;3134;CUISSON SPECIFIQUE;100%;
31;CONFORT DE LA MAISON;313;ART CULINAIRE;3135;FONTE D'ACIER;100%;
31;CONFORT DE LA MAISON;313;ART CULINAIRE;3136;AUTOCUISEUR;100%;
31;CONFORT DE LA MAISON;313;ART CULINAIRE;3137;PLAT A FOUR;100%;
31;CONFORT DE LA MAISON;313;ART CULINAIRE;3138;MOULE A GATEAU;100%;
31;CONFORT DE LA MAISON;314;CUISINE;3140;CAFE/THE;100%;
31;CONFORT DE LA MAISON;314;CUISINE;3141;BOITE DE CONSERVATION;100%;
31;CONFORT DE LA MAISON;314;CUISINE;3142;EMBALLAGE DES ALIMENTS;100%;
31;CONFORT DE LA MAISON;314;CUISINE;3143;USTENSILE DE CUISINE;100%;
31;CONFORT DE LA MAISON;314;CUISINE;3144;EQUIPEMENT DE LA CUISINE;100%;
31;CONFORT DE LA MAISON;314;CUISINE;3145;CAVE;100%;
31;CONFORT DE LA MAISON;314;CUISINE;3146;SAC, PANIER ET POUSSETTE;100%;
31;CONFORT DE LA MAISON;315;ENTRETIEN MAISON ET LINGE;3150;SAC POUBELLE;100%;
31;CONFORT DE LA MAISON;315;ENTRETIEN MAISON ET LINGE;3151;POUBELLE, SEAU, CUVETTE;100%;
31;CONFORT DE LA MAISON;315;ENTRETIEN MAISON ET LINGE;3152;LAVAGE;100%;
31;CONFORT DE LA MAISON;315;ENTRETIEN MAISON ET LINGE;3153;GANT MENAGE, SERPILLIERE;100%;
31;CONFORT DE LA MAISON;315;ENTRETIEN MAISON ET LINGE;3154;BALAYAGE;100%;
31;CONFORT DE LA MAISON;315;ENTRETIEN MAISON ET LINGE;3155;ESSUIE PIEDS;100%;
31;CONFORT DE LA MAISON;315;ENTRETIEN MAISON ET LINGE;3156;CINTRE;100%;
31;CONFORT DE LA MAISON;315;ENTRETIEN MAISON ET LINGE;3157;RANGEMENT DU LINGE;100%;
31;CONFORT DE LA MAISON;315;ENTRETIEN MAISON ET LINGE;3158;ETENDAGE;100%;
31;CONFORT DE LA MAISON;315;ENTRETIEN MAISON ET LINGE;3159;REPASSAGE;100%;
31;CONFORT DE LA MAISON;316;SALLE DE BAIN;3160;ACCESSOIRES DE TOILETTE;100%;
31;CONFORT DE LA MAISON;316;SALLE DE BAIN;3161;ACCESSOIRES SALLE DE BAIN;100%;
31;CONFORT DE LA MAISON;316;SALLE DE BAIN;3162;DOUCHE;100%;
31;CONFORT DE LA MAISON;316;SALLE DE BAIN;3163;ARMOIRES DE TOILETTE;100%;
31;CONFORT DE LA MAISON;316;SALLE DE BAIN;3164;MIROITERIE;100%;
31;CONFORT DE LA MAISON;317;ENCADREMENT;3170;SOUS VERRE;100%;
31;CONFORT DE LA MAISON;317;ENCADREMENT;3171;CADRE;100%;
31;CONFORT DE LA MAISON;317;ENCADREMENT;3172;POSTER ET IMAGE;100%;
31;CONFORT DE LA MAISON;317;ENCADREMENT;3173;ACCESSOIRE ENCADREMENT;100%;
31;CONFORT DE LA MAISON;317;ENCADREMENT;3174;PENDULE ET BAROMETRE;100%;
31;CONFORT DE LA MAISON;318;LUMINAIRE;3180;LAMPE A POSER;100%;
31;CONFORT DE LA MAISON;318;LUMINAIRE;3181;ABAT JOUR;100%;
31;CONFORT DE LA MAISON;318;LUMINAIRE;3182;LAMPE DE BUREAU;100%;
31;CONFORT DE LA MAISON;318;LUMINAIRE;3183;LAMPADAIRE;100%;
31;CONFORT DE LA MAISON;318;LUMINAIRE;3184;APPLIQUE;100%;
31;CONFORT DE LA MAISON;318;LUMINAIRE;3185;SPOT;100%;
31;CONFORT DE LA MAISON;318;LUMINAIRE;3186;PLAFONNIER ET HUBLOT;100%;
31;CONFORT DE LA MAISON;318;LUMINAIRE;3187;SUSPENSION;100%;
31;CONFORT DE LA MAISON;318;LUMINAIRE;3188;LUSTRE;100%;
31;CONFORT DE LA MAISON;318;LUMINAIRE;3189;LUMINAIRE ENFANT;100%;
31;CONFORT DE LA MAISON;319;MEUBLE ET LITERIE;3190;SIEGE;100%;
31;CONFORT DE LA MAISON;319;MEUBLE ET LITERIE;3191;PETIT MEUBLE DE RANGEMENT;100%;
31;CONFORT DE LA MAISON;319;MEUBLE ET LITERIE;3192;MEUBLE DE RANGEMENT;100%;
31;CONFORT DE LA MAISON;319;MEUBLE ET LITERIE;3193;RANGEMENT DES VETEMENTS;100%;
31;CONFORT DE LA MAISON;319;MEUBLE ET LITERIE;3194;CANAPE FAUTEUIL;100%;
31;CONFORT DE LA MAISON;319;MEUBLE ET LITERIE;3195;MATELAS;100%;
31;CONFORT DE LA MAISON;319;MEUBLE ET LITERIE;3196;SOMMIER;100%;
31;CONFORT DE LA MAISON;319;MEUBLE ET LITERIE;3197;TAPIS;100%;
31;CONFORT DE LA MAISON;319;MEUBLE ET LITERIE;3198;ACCESSOIRES CHEMINEE;100%;
31;CONFORT DE LA MAISON;319;MEUBLE ET LITERIE;3199;SAV GESTION CONFORT MAISON;100%;
32;PAPETERIE;320;ACCESSOIRES SUPPORT MULTIMEDIA;3207;ACC SUPPORT MULTIMEDIA;100%;
32;PAPETERIE;326;PAPETERIE LOISIRS;3260;CARTERIE;100%;
32;PAPETERIE;326;PAPETERIE LOISIRS;3261;EMBALLAGE CADEAU;100%;
32;PAPETERIE;326;PAPETERIE LOISIRS;3262;CORRESPONDANCE;100%;
32;PAPETERIE;326;PAPETERIE LOISIRS;3263;LOISIRS CREATIFS;100%;
32;PAPETERIE;326;PAPETERIE LOISIRS;3264;BEAUX-ARTS;100%;
32;PAPETERIE;326;PAPETERIE LOISIRS;3265;ALBUM PHOTO;100%;
32;PAPETERIE;326;PAPETERIE LOISIRS;3266;CLASSEUR PHOTO & RECHARGE;100%;
32;PAPETERIE;326;PAPETERIE LOISIRS;3267;ALBUM COLLECTION;100%;
32;PAPETERIE;327;PAPETERIE;3270;ECRITURE;100%;
32;PAPETERIE;327;PAPETERIE;3271;DESSIN SCOLAIRE;100%;
32;PAPETERIE;327;PAPETERIE;3272;MATERIEL SCOLAIRE;100%;
32;PAPETERIE;327;PAPETERIE;3273;COLLE, ADHESIF ET NOTE;100%;
32;PAPETERIE;327;PAPETERIE;3274;CARNET, CAHIER SPECIFIQUE;100%;
32;PAPETERIE;327;PAPETERIE;3275;CAHIER ET PROTECTION;100%;
32;PAPETERIE;327;PAPETERIE;3276;COPIE, FEUILLET, BLOC;100%;
32;PAPETERIE;327;PAPETERIE;3277;CLASSEUR ET INTERCALAIRE;100%;
32;PAPETERIE;328;PAPETERIE DE BUREAU;3280;CLASSEMENT;100%;
32;PAPETERIE;328;PAPETERIE DE BUREAU;3281;PROTEGE DOCUMENT;100%;
32;PAPETERIE;328;PAPETERIE DE BUREAU;3282;CONFORT & AGENCEMENT DU BUREAU;100%;
32;PAPETERIE;328;PAPETERIE DE BUREAU;3283;PAPIER D IMPRESSION;100%;
32;PAPETERIE;328;PAPETERIE DE BUREAU;3284;PETIT MATERIEL DE BUREAU;100%;
32;PAPETERIE;328;PAPETERIE DE BUREAU;3285;INFORMATIQUE;100%;
32;PAPETERIE;328;PAPETERIE DE BUREAU;3286;AGENDA ORGANISEUR CALENDRIER;100%;
32;PAPETERIE;329;MAROQUINERIE SCOLAIRE;3290;TROUSSE;100%;
32;PAPETERIE;329;MAROQUINERIE SCOLAIRE;3291;MAROQUINERIE MATERNELLE;100%;
32;PAPETERIE;329;MAROQUINERIE SCOLAIRE;3292;MAROQUINERIE PRIMAIRE;100%;
32;PAPETERIE;329;MAROQUINERIE SCOLAIRE;3293;MAROQUINERIE COLLEGE;100%;
32;PAPETERIE;329;MAROQUINERIE SCOLAIRE;3294;MAROQUINERIE LYCEE;100%;
32;PAPETERIE;329;MAROQUINERIE SCOLAIRE;3298;SAV PAPETERIE;100%;
32;PAPETERIE;329;MAROQUINERIE SCOLAIRE;3299;GESTION METIER PAPETERIE;100%;
33;JOUET SPORT;330;JOUET;3300;JOUET PETIT PRIX;100%;
33;JOUET SPORT;330;JOUET;3301;PELUCHE;100%;
33;JOUET SPORT;330;JOUET;3302;JOUET 1ER AGE;100%;
33;JOUET SPORT;330;JOUET;3303;AIDE A LA MARCHE;100%;
33;JOUET SPORT;330;JOUET;3304;JEU EDUCATIF;100%;
33;JOUET SPORT;330;JOUET;3305;JOUET GARCON;100%;
33;JOUET SPORT;330;JOUET;3306;JOUET FILLE;100%;
33;JOUET SPORT;330;JOUET;3307;JEU DE SOCIETE;100%;
33;JOUET SPORT;330;JOUET;3308;MUSIQUE;100%;
33;JOUET SPORT;330;JOUET;3309;JOUET DE PLEIN AIR;100%;
33;JOUET SPORT;331;ARTICLES FETES, DECO NOEL;3310;ARTICLES DE FETES;100%;
33;JOUET SPORT;331;ARTICLES FETES, DECO NOEL;3311;DECORATION DE LA MAISON;100%;
33;JOUET SPORT;331;ARTICLES FETES, DECO NOEL;3312;DECO, CRECHE ET SAPIN;100%;
33;JOUET SPORT;331;ARTICLES FETES, DECO NOEL;3313;GUIRLANDE ELECTRIQUE;100%;
33;JOUET SPORT;331;ARTICLES FETES, DECO NOEL;3314;THEME TENDANCE 1;100%;
33;JOUET SPORT;331;ARTICLES FETES, DECO NOEL;3315;THEME TENDANCE 2;100%;
33;JOUET SPORT;331;ARTICLES FETES, DECO NOEL;3316;THEME TENDANCE 3;100%;
33;JOUET SPORT;331;ARTICLES FETES, DECO NOEL;3317;THEME TENDANCE 4;100%;
33;JOUET SPORT;331;ARTICLES FETES, DECO NOEL;3318;THEME TENDANCE 5;100%;
33;JOUET SPORT;331;ARTICLES FETES, DECO NOEL;3319;THEME TENDANCE 6;100%;
33;JOUET SPORT;332;PISCINE/BAIGNADE/NAUTISME;3320;PISCINE;100%;
33;JOUET SPORT;332;PISCINE/BAIGNADE/NAUTISME;3321;PRODUIT TRAITEMENT DE L'EAU;100%;
33;JOUET SPORT;332;PISCINE/BAIGNADE/NAUTISME;3322;ACCESSOIRE PISCINE;100%;
33;JOUET SPORT;332;PISCINE/BAIGNADE/NAUTISME;3323;BAIGNADE;100%;
33;JOUET SPORT;332;PISCINE/BAIGNADE/NAUTISME;3324;PLONGEE;100%;
33;JOUET SPORT;332;PISCINE/BAIGNADE/NAUTISME;3325;BATEAU ET ACCESSOIRES;100%;
33;JOUET SPORT;333;PECHE ET CHASSE;3330;PECHE AU COUP;100%;
33;JOUET SPORT;333;PECHE ET CHASSE;3331;PECHE A LA CARPE;100%;
33;JOUET SPORT;333;PECHE ET CHASSE;3332;PECHE A LA TRUITE;100%;
33;JOUET SPORT;333;PECHE ET CHASSE;3333;PECHE AUX CARNASSIERS;100%;
33;JOUET SPORT;333;PECHE ET CHASSE;3334;PECHE EN MER;100%;
33;JOUET SPORT;333;PECHE ET CHASSE;3335;EQUIPEMENT DE PECHE;100%;
33;JOUET SPORT;333;PECHE ET CHASSE;3336;CHASSE;100%;
33;JOUET SPORT;334;SPORT;3340;TENNIS, SQUASH,BADMINTON;100%;
33;JOUET SPORT;334;SPORT;3341;TENNIS DE TABLE;100%;
33;JOUET SPORT;334;SPORT;3342;PETANQUE;100%;
33;JOUET SPORT;334;SPORT;3343;CIBLERIE;100%;
33;JOUET SPORT;334;SPORT;3344;SPORT COLLECTIF;100%;
33;JOUET SPORT;334;SPORT;3345;FITNESS ET MUSCULATION;100%;
33;JOUET SPORT;334;SPORT;3346;ROLLER ET SKATE BOARD;100%;
33;JOUET SPORT;334;SPORT;3347;AUTRES SPORTS;100%;
33;JOUET SPORT;334;SPORT;3348;SPORT D HIVER;100%;
33;JOUET SPORT;334;SPORT;3349;SAC DE SPORT;100%;
33;JOUET SPORT;335;CYCLE ET ACCESSOIRES;3350;CYCLE;100%;
33;JOUET SPORT;335;CYCLE ET ACCESSOIRES;3351;ACCESSOIRES CYCLE;100%;
33;JOUET SPORT;335;CYCLE ET ACCESSOIRES;3352;CYCLE MOTORISE;100%;
33;JOUET SPORT;336;CAMPING RANDONNEE;3360;USTENSILE MENAGER;100%;
33;JOUET SPORT;336;CAMPING RANDONNEE;3361;SIEGE DE CAMPING;100%;
33;JOUET SPORT;336;CAMPING RANDONNEE;3362;MOBILIER DE CAMPING;100%;
33;JOUET SPORT;336;CAMPING RANDONNEE;3363;EQUIPEMENT DE RANDONNEE;100%;
33;JOUET SPORT;336;CAMPING RANDONNEE;3364;TENTE ET ACCESSOIRES;100%;
33;JOUET SPORT;336;CAMPING RANDONNEE;3365;LIT,MATELAS ET TAPIS;100%;
33;JOUET SPORT;336;CAMPING RANDONNEE;3366;SAC DE COUCHAGE;100%;
33;JOUET SPORT;336;CAMPING RANDONNEE;3367;SAC A DOS;100%;
33;JOUET SPORT;337;BAGAGE;3370;BAGAGE DE LOISIRS;100%;
33;JOUET SPORT;337;BAGAGE;3371;BAGAGE CLASSIQUE;100%;
33;JOUET SPORT;337;BAGAGE;3372;BAGAGE D  AFFAIRES;100%;
33;JOUET SPORT;337;BAGAGE;3373;BAGAGE ENFANT;100%;
33;JOUET SPORT;337;BAGAGE;3374;ACCESSOIRE DE VOYAGE;100%;
33;JOUET SPORT;337;BAGAGE;3375;CANTINE;100%;
33;JOUET SPORT;339;SAV GESTION JOUET SPORT;3398;SAV JOUET SPORT;100%;
33;JOUET SPORT;339;SAV GESTION JOUET SPORT;3399;GESTION METIER JOUETSPORT;100%;
34;JARDIN ET ANIMALERIE;340;PLANTE D  INTERIEUR;3400;PLANTE ET COMPOSITION A OFFRIR;100%;
34;JARDIN ET ANIMALERIE;340;PLANTE D  INTERIEUR;3401;PLANTE FLEURIE SAISONNIER;100%;
34;JARDIN ET ANIMALERIE;340;PLANTE D  INTERIEUR;3402;PLANTE FLEURIE PERMANENT;100%;
34;JARDIN ET ANIMALERIE;340;PLANTE D  INTERIEUR;3403;PLANTE VERTE;100%;
34;JARDIN ET ANIMALERIE;340;PLANTE D  INTERIEUR;3404;SUSPENSION;100%;
34;JARDIN ET ANIMALERIE;340;PLANTE D  INTERIEUR;3405;CACTEE;100%;
34;JARDIN ET ANIMALERIE;340;PLANTE D  INTERIEUR;3406;ENTRETIEN PLANTE INTER.;100%;
34;JARDIN ET ANIMALERIE;340;PLANTE D  INTERIEUR;3407;SUPPORT DECORATION;100%;
34;JARDIN ET ANIMALERIE;340;PLANTE D  INTERIEUR;3408;FLEUR SECHEE;100%;
34;JARDIN ET ANIMALERIE;340;PLANTE D  INTERIEUR;3409;FLEUR ARTIFICIELLE;100%;
34;JARDIN ET ANIMALERIE;341;POT ET BAC;3410;BAC A RESERVE D  EAU;100%;
34;JARDIN ET ANIMALERIE;341;POT ET BAC;3411;CACHE-POT;100%;
34;JARDIN ET ANIMALERIE;341;POT ET BAC;3412;SOUCOUPE/COUPE ET POT;100%;
34;JARDIN ET ANIMALERIE;341;POT ET BAC;3413;BALCONNIERE/JARDINIERE;100%;
34;JARDIN ET ANIMALERIE;341;POT ET BAC;3414;BAC ET POTERIE EXTERIEUR;100%;
34;JARDIN ET ANIMALERIE;341;POT ET BAC;3415;SUPPORT DE PLANTES;100%;
34;JARDIN ET ANIMALERIE;342;TERREAU ET AMENDEMENT;3420;TERREAU;100%;
34;JARDIN ET ANIMALERIE;342;TERREAU ET AMENDEMENT;3421;TERRE DE BRUYERE;100%;
34;JARDIN ET ANIMALERIE;342;TERREAU ET AMENDEMENT;3422;TOURBE;100%;
34;JARDIN ET ANIMALERIE;342;TERREAU ET AMENDEMENT;3423;FUMIER ET COMPOST;100%;
34;JARDIN ET ANIMALERIE;342;TERREAU ET AMENDEMENT;3424;ECORCE DE PIN;100%;
34;JARDIN ET ANIMALERIE;343;ENGRAIS ET TRAITEMENT;3430;PRODUIT NATUREL;100%;
34;JARDIN ET ANIMALERIE;343;ENGRAIS ET TRAITEMENT;3431;ENGRAIS;100%;
34;JARDIN ET ANIMALERIE;343;ENGRAIS ET TRAITEMENT;3432;PRODUIT DE TRAITEMENT;100%;
34;JARDIN ET ANIMALERIE;343;ENGRAIS ET TRAITEMENT;3433;ANTI-NUISIBLES;100%;
34;JARDIN ET ANIMALERIE;343;ENGRAIS ET TRAITEMENT;3434;DESHERBANT;100%;
34;JARDIN ET ANIMALERIE;343;ENGRAIS ET TRAITEMENT;3435;PULVERISATEUR;100%;
34;JARDIN ET ANIMALERIE;344;PLANTATION D  EXTERIEUR;3440;PLANTE A MASSIF;100%;
34;JARDIN ET ANIMALERIE;344;PLANTATION D  EXTERIEUR;3441;BULBE;100%;
34;JARDIN ET ANIMALERIE;344;PLANTATION D  EXTERIEUR;3442;GAZON;100%;
34;JARDIN ET ANIMALERIE;344;PLANTATION D  EXTERIEUR;3443;SEMENCES POTAGERES;100%;
34;JARDIN ET ANIMALERIE;344;PLANTATION D  EXTERIEUR;3444;VIVACE;100%;
34;JARDIN ET ANIMALERIE;344;PLANTATION D  EXTERIEUR;3445;PLANT POTAGER ET AROMATIQUES;100%;
34;JARDIN ET ANIMALERIE;344;PLANTATION D  EXTERIEUR;3446;FRUITIER;100%;
34;JARDIN ET ANIMALERIE;344;PLANTATION D  EXTERIEUR;3447;ROSIER CONDITIONNE;100%;
34;JARDIN ET ANIMALERIE;344;PLANTATION D  EXTERIEUR;3448;PEPINIERE D ORNEMENT;100%;
34;JARDIN ET ANIMALERIE;344;PLANTATION D  EXTERIEUR;3449;TOUSSAINT NOEL;100%;
34;JARDIN ET ANIMALERIE;345;MATERIEL ET OUTILLAGE;3450;OUTIL DE JARDIN;100%;
34;JARDIN ET ANIMALERIE;345;MATERIEL ET OUTILLAGE;3451;TAILLE-HAIE;100%;
34;JARDIN ET ANIMALERIE;345;MATERIEL ET OUTILLAGE;3452;COUPE HERBE ET ACCESS;100%;
34;JARDIN ET ANIMALERIE;345;MATERIEL ET OUTILLAGE;3453;DEBROUSSAILLEUSE;100%;
34;JARDIN ET ANIMALERIE;345;MATERIEL ET OUTILLAGE;3454;TRONCONNEUSE ET ACCESS;100%;
34;JARDIN ET ANIMALERIE;345;MATERIEL ET OUTILLAGE;3455;BROYEUR ET SOUFFLEUR;100%;
34;JARDIN ET ANIMALERIE;345;MATERIEL ET OUTILLAGE;3456;TONDEUSE ET ACCESSOIRES;100%;
34;JARDIN ET ANIMALERIE;345;MATERIEL ET OUTILLAGE;3457;TONDEUSE AUTOPORTEE ET ACCESS;100%;
34;JARDIN ET ANIMALERIE;345;MATERIEL ET OUTILLAGE;3458;MOTOBINEUSE;100%;
34;JARDIN ET ANIMALERIE;345;MATERIEL ET OUTILLAGE;3459;SCARIFICATEUR;100%;
34;JARDIN ET ANIMALERIE;346;ARROSAGE;3460;ARROSEUR;100%;
34;JARDIN ET ANIMALERIE;346;ARROSAGE;3461;ACCESSOIRES D ARROSAGE;100%;
34;JARDIN ET ANIMALERIE;346;ARROSAGE;3462;TUYAU D ARROSAGE;100%;
34;JARDIN ET ANIMALERIE;346;ARROSAGE;3463;DEVIDOIR DE TUYAU;100%;
34;JARDIN ET ANIMALERIE;346;ARROSAGE;3464;ARROSOIR;100%;
34;JARDIN ET ANIMALERIE;346;ARROSAGE;3465;ARROSAGE GOUTTE A GOUTTE;100%;
34;JARDIN ET ANIMALERIE;346;ARROSAGE;3466;ARROSAGE ENTERRE;100%;
34;JARDIN ET ANIMALERIE;346;ARROSAGE;3467;POMPE ET ACCESSOIRES;100%;
34;JARDIN ET ANIMALERIE;347;AMENAGEMENT DECO JARDIN;3470;BASSIN ET JET D  EAU;100%;
34;JARDIN ET ANIMALERIE;347;AMENAGEMENT DECO JARDIN;3471;OBJET DE DECORATION;100%;
34;JARDIN ET ANIMALERIE;347;AMENAGEMENT DECO JARDIN;3472;BORDURE & SUPPORT DECORATION;100%;
34;JARDIN ET ANIMALERIE;347;AMENAGEMENT DECO JARDIN;3473;ELEMENT DECORATIF AUTRE MATIER;100%;
34;JARDIN ET ANIMALERIE;347;AMENAGEMENT DECO JARDIN;3474;BRISE VUE ET BRISE VENT;100%;
34;JARDIN ET ANIMALERIE;347;AMENAGEMENT DECO JARDIN;3475;GRILLAGE & ACCESSOIRES;100%;
34;JARDIN ET ANIMALERIE;347;AMENAGEMENT DECO JARDIN;3476;ABRI DE JARDIN ET RANGEMENT;100%;
34;JARDIN ET ANIMALERIE;347;AMENAGEMENT DECO JARDIN;3477;LUMINAIRE EXTERIEUR;100%;
34;JARDIN ET ANIMALERIE;347;AMENAGEMENT DECO JARDIN;3478;BARBECUE ET CHEMINEE;100%;
34;JARDIN ET ANIMALERIE;347;AMENAGEMENT DECO JARDIN;3479;ANTI-MOUSTIQUES;100%;
34;JARDIN ET ANIMALERIE;348;MOBILIER DE JARDIN;3480;MOBILIER EN RESINE;100%;
34;JARDIN ET ANIMALERIE;348;MOBILIER DE JARDIN;3481;MOBILIER EN TECK;100%;
34;JARDIN ET ANIMALERIE;348;MOBILIER DE JARDIN;3482;MOBILIER EN BOIS EXOTIQUE;100%;
34;JARDIN ET ANIMALERIE;348;MOBILIER DE JARDIN;3483;MOBILIER EN FER;100%;
34;JARDIN ET ANIMALERIE;348;MOBILIER DE JARDIN;3484;MOBILIER AUTRE MATIERE;100%;
34;JARDIN ET ANIMALERIE;348;MOBILIER DE JARDIN;3485;MOBILIER DETENTE, ACCESSOIRES;100%;
34;JARDIN ET ANIMALERIE;348;MOBILIER DE JARDIN;3486;PARASOL ET TENTES DE JARDIN;100%;
34;JARDIN ET ANIMALERIE;348;MOBILIER DE JARDIN;3487;COUSSIN ET ACCESSOIRES;100%;
34;JARDIN ET ANIMALERIE;349;ANIMALERIE;3490;ACCESSOIRES POUR CHAT;100%;
34;JARDIN ET ANIMALERIE;349;ANIMALERIE;3491;ACCESSOIRES POUR CHIEN;100%;
34;JARDIN ET ANIMALERIE;349;ANIMALERIE;3492;RONGEUR;100%;
34;JARDIN ET ANIMALERIE;349;ANIMALERIE;3493;OISEAU;100%;
34;JARDIN ET ANIMALERIE;349;ANIMALERIE;3495;POISSON;100%;
34;JARDIN ET ANIMALERIE;349;ANIMALERIE;3496;NOUVEAUX ANIMAUX DE COMPAGNIE;100%;
34;JARDIN ET ANIMALERIE;349;ANIMALERIE;3498;SAV JARDIN;100%;
34;JARDIN ET ANIMALERIE;349;ANIMALERIE;3499;GESTION METIER JARDIN;100%;
35;AUTO;350;HUILE/FILTRATION;3500;LUBRIFIANT MOTEUR ESSENCE;100%;
35;AUTO;350;HUILE/FILTRATION;3501;LUBRIFIANT MOTEUR DIESEL;100%;
35;AUTO;350;HUILE/FILTRATION;3502;LUBRIFIANT SPECIAL;100%;
35;AUTO;350;HUILE/FILTRATION;3503;VIDANGE;100%;
35;AUTO;350;HUILE/FILTRATION;3504;FILTRATION;100%;
35;AUTO;351;ENTRETIEN;3510;REFROIDISSEMENT;100%;
35;AUTO;351;ENTRETIEN;3511;PARE BRISE;100%;
35;AUTO;351;ENTRETIEN;3512;NETTOYAGE ET RENOVATION;100%;
35;AUTO;351;ENTRETIEN;3513;PREVENTION ET DEPANNAGE;100%;
35;AUTO;351;ENTRETIEN;3514;REPARATION CARROSSERIE;100%;
35;AUTO;351;ENTRETIEN;3515;PEINTURE;100%;
35;AUTO;351;ENTRETIEN;3516;FREINAGE;100%;
35;AUTO;352;MOTO/SCOOTER ET CYCLO;3520;MOTO, SCOOTER ET CYCLO;100%;
35;AUTO;353;OUTILLAGE;3530;OUTILLAGE;100%;
35;AUTO;353;OUTILLAGE;3531;LEVAGE;100%;
35;AUTO;353;OUTILLAGE;3532;LIVRE TECHNIQUE;100%;
35;AUTO;354;ELECTRICITE;3540;BATTERIE;100%;
35;AUTO;354;ELECTRICITE;3541;ALLUMAGE;100%;
35;AUTO;354;ELECTRICITE;3542;ECLAIRAGE;100%;
35;AUTO;354;ELECTRICITE;3543;CONNEXION ELECTRIQUE;100%;
35;AUTO;355;SON;3550;ACCESSOIRES DE MONTAGE;100%;
35;AUTO;355;SON;3551;ANTENNE;100%;
35;AUTO;355;SON;3552;HAUT PARLEUR;100%;
35;AUTO;356;EQUIPEMENT ET DECO AUTO;3560;DECO PROTECTION EXTERIEUR;100%;
35;AUTO;356;EQUIPEMENT ET DECO AUTO;3561;CONFORT INTERIEUR;100%;
35;AUTO;356;EQUIPEMENT ET DECO AUTO;3562;HOUSSE;100%;
35;AUTO;356;EQUIPEMENT ET DECO AUTO;3563;TAPIS;100%;
35;AUTO;357;SECURITE;3570;SECURITE DU PASSAGER;100%;
35;AUTO;357;SECURITE;3571;PROTECTION DU VEHICULE;100%;
35;AUTO;357;SECURITE;3572;RETROVISEUR;100%;
35;AUTO;358;PORTAGE ET TRACTAGE;3580;PORTAGE;100%;
35;AUTO;358;PORTAGE ET TRACTAGE;3581;TRACTAGE ET REMORQUE;100%;
35;AUTO;359;PNEUMATIQUE;3590;PNEU AUTO;100%;
35;AUTO;359;PNEUMATIQUE;3591;PNEU NEIGE ET ROUE MONTEE;100%;
35;AUTO;359;PNEUMATIQUE;3593;CHAINE A NEIGE;100%;
35;AUTO;359;PNEUMATIQUE;3598;SAV AUTO;100%;
35;AUTO;359;PNEUMATIQUE;3599;GESTION METIER AUTO;100%;
40;GEM;400;REFRIGERATEUR;4000;REFRIGERATEUR 1 PORTE;100%;
40;GEM;400;REFRIGERATEUR;4001;REFRIGERATEUR 2 PORTES;100%;
40;GEM;400;REFRIGERATEUR;4002;REFRIGERATEUR 3 PORTES;100%;
40;GEM;400;REFRIGERATEUR;4003;REFRIGERATEUR AMERICAIN;100%;
40;GEM;400;REFRIGERATEUR;4004;CAVE A VIN;100%;
40;GEM;401;CONGELATEUR;4010;CONGELATEUR COFFRE;100%;
40;GEM;401;CONGELATEUR;4011;CONGELATEUR ARMOIRE;100%;
40;GEM;402;LAVE - LINGE;4020;CHARGEMENT FRONTAL;100%;
40;GEM;402;LAVE - LINGE;4021;CHARGEMENT TOP;100%;
40;GEM;403;LAVANTE SECHANTE;4030;LAVANTE SECHANTE;100%;
40;GEM;404;SECHE - LINGE;4040;CHARGEMENT FRONTAL;100%;
40;GEM;405;LAVE - VAISSELLE;4050;LAVE-VAISSELLE STANDARD;100%;
40;GEM;405;LAVE - VAISSELLE;4051;LAVE-VAISSELLE SPECIFIQUE;100%;
40;GEM;406;CUISINIERE;4060;CUISINIERE TOUT GAZ;100%;
40;GEM;406;CUISINIERE;4061;CUISINIERE MIXTE GAZ ELEC;100%;
40;GEM;406;CUISINIERE;4062;CUISINIERE TT ELECTRIQUE;100%;
40;GEM;407;MICRO-ONDES;4070;MICRO-ONDES STANDARD;100%;
40;GEM;407;MICRO-ONDES;4071;MICRO-ONDES + GRILL;100%;
40;GEM;407;MICRO-ONDES;4072;MICRO-ONDES MULTIFONCT;100%;
40;GEM;408;ENCASTRABLE;4080;PLAQUE DE CUISSON;100%;
40;GEM;408;ENCASTRABLE;4081;FOUR ENCASTRABLE;100%;
40;GEM;408;ENCASTRABLE;4082;ASPIRATION;100%;
40;GEM;409;SAV & GESTION GEM;4090;REPARATION GEM;100%;
40;GEM;409;SAV & GESTION GEM;4091;ACCESSOIRES GEM;100%;
40;GEM;409;SAV & GESTION GEM;4092;LIVRAISON GEM;100%;
40;GEM;409;SAV & GESTION GEM;4093;CONTRATS BLEUS GEM;100%;
40;GEM;409;SAV & GESTION GEM;4094;LOCATION GEM;100%;
40;GEM;409;SAV & GESTION GEM;4099;GESTION GEM;100%;
41;PEM;410;ENTRETIEN DES SOLS;4100;APPAREIL ROBOT;100%;
41;PEM;410;ENTRETIEN DES SOLS;4101;ASPIRATEUR TRAINEAU;100%;
41;PEM;410;ENTRETIEN DES SOLS;4102;ASPIRATEUR NON TRAINEAU;100%;
41;PEM;410;ENTRETIEN DES SOLS;4103;NETTOYEUR SPECIFIQUE;100%;
41;PEM;410;ENTRETIEN DES SOLS;4104;ACC. ENTRETIEN DES SOLS;100%;
41;PEM;411;ENTRETIEN LINGE/CHAUSSURE;4110;FER A REPASSER;100%;
41;PEM;411;ENTRETIEN LINGE/CHAUSSURE;4111;STATION VAPEUR;100%;
41;PEM;411;ENTRETIEN LINGE/CHAUSSURE;4112;MACH A CIRER/COUDRE/LAVER;100%;
41;PEM;411;ENTRETIEN LINGE/CHAUSSURE;4113;ACC. ENTRETIEN DU LINGE;100%;
41;PEM;412;QUALITE ENVIRONNEMENT;4120;TRAITEMENT DE L AIR;100%;
41;PEM;412;QUALITE ENVIRONNEMENT;4121;CLIMATISATION;100%;
41;PEM;412;QUALITE ENVIRONNEMENT;4122;CHAUFFAGE D APPOINT;100%;
41;PEM;412;QUALITE ENVIRONNEMENT;4123;CHAUFFAGE;100%;
41;PEM;412;QUALITE ENVIRONNEMENT;4124;TRAITEMENT EAU ET DECHETS;100%;
41;PEM;412;QUALITE ENVIRONNEMENT;4125;ACC.QUALITE ENVIRONNEMENT;100%;
41;PEM;413;PETIT DEJEUNER;4130;APPAREIL POUR LE CAFE;100%;
41;PEM;413;PETIT DEJEUNER;4131;BOUILLOIRE ET GRILLE PAIN;100%;
41;PEM;413;PETIT DEJEUNER;4132;APPAREIL  JUS DE FRUIT;100%;
41;PEM;413;PETIT DEJEUNER;4133;ACC. PETIT DEJEUNER;100%;
41;PEM;414;PREPARATION CULINAIRE;4140;AIDE CULINAIRE;100%;
41;PEM;414;PREPARATION CULINAIRE;4141;PREPARATEUR SPECIFIQUE;100%;
41;PEM;414;PREPARATION CULINAIRE;4142;PREPARATEUR MULTI-USAGE;100%;
41;PEM;414;PREPARATION CULINAIRE;4143;ACC.PREPARATION CULINAIRE;100%;
41;PEM;415;CUISSON CULINAIRE;4150;APPAREIL CONVIVIAL;100%;
41;PEM;415;CUISSON CULINAIRE;4151;APP.CUISSON SPECIFIQUE;100%;
41;PEM;415;CUISSON CULINAIRE;4152;APP.CUISSON MULTI USAGE;100%;
41;PEM;415;CUISSON CULINAIRE;4153;ACC.CUISSON CULINAIRE;100%;
41;PEM;416;SOINS DU CORPS;4160;COIFFURE;100%;
41;PEM;416;SOINS DU CORPS;4161;EPILATION FEMININE;100%;
41;PEM;416;SOINS DU CORPS;4162;RASAGE MASCULIN;100%;
41;PEM;416;SOINS DU CORPS;4163;HYGIENE DENTAIRE;100%;
41;PEM;416;SOINS DU CORPS;4164;SANTE/PARAMEDICAL;100%;
41;PEM;416;SOINS DU CORPS;4165;FORME/BEAUTE;100%;
41;PEM;416;SOINS DU CORPS;4166;CONFORT / RELAXATION;100%;
41;PEM;416;SOINS DU CORPS;4167;ACC.SOINS DU CORPS;100%;
41;PEM;419;SAV & GESTION PEM;4190;REPARATION PEM;100%;
41;PEM;419;SAV & GESTION PEM;4191;ACCESSOIRES PEM;100%;
41;PEM;419;SAV & GESTION PEM;4193;CONTRATS BLEUS PEM;100%;
41;PEM;419;SAV & GESTION PEM;4194;LOCATION PEM;100%;
41;PEM;419;SAV & GESTION PEM;4199;GESTION PEM;100%;
42;PHOTO COMMUNICATION;420;APPAREIL PHOTO;4202;APPAREIL PHOTO REFLEX;100%;
42;PHOTO COMMUNICATION;420;APPAREIL PHOTO;4203;APPAREIL PHOTO NUMERIQUE;100%;
42;PHOTO COMMUNICATION;421;TRAVAUX PHOTO/LABO;4210;DEVELOPPEMENT 1ER TOUR;100%;
42;PHOTO COMMUNICATION;421;TRAVAUX PHOTO/LABO;4211;RETIRAGE;100%;
42;PHOTO COMMUNICATION;421;TRAVAUX PHOTO/LABO;4212;AGRANDISSEMENT;100%;
42;PHOTO COMMUNICATION;421;TRAVAUX PHOTO/LABO;4213;DEVELOPPEMENT DIAPOSITIVE;100%;
42;PHOTO COMMUNICATION;421;TRAVAUX PHOTO/LABO;4214;TRAVAUX NOIR/BLANC;100%;
42;PHOTO COMMUNICATION;421;TRAVAUX PHOTO/LABO;4215;TRAVAUX DIVERS;100%;
42;PHOTO COMMUNICATION;421;TRAVAUX PHOTO/LABO;4216;SYSTEME DEVELOPPEMENT;100%;
42;PHOTO COMMUNICATION;422;ACCESSOIRES PRISE DE VUE;4221;OBJECTIF;100%;
42;PHOTO COMMUNICATION;422;ACCESSOIRES PRISE DE VUE;4222;PILES;100%;
42;PHOTO COMMUNICATION;422;ACCESSOIRES PRISE DE VUE;4223;ACCESSOIRE POUR APPAREIL;100%;
42;PHOTO COMMUNICATION;423;FILM;4234;FILM COULEUR L.S;100%;
42;PHOTO COMMUNICATION;423;FILM;4236;JETABLE L.S;100%;
42;PHOTO COMMUNICATION;424;PROJECTION;4240;PROJECTION DIAPOSITIVE;100%;
42;PHOTO COMMUNICATION;425;TELEPHONIE RESIDENTIELLE;4250;TEL FILAIRE ET REP SEUL;100%;
42;PHOTO COMMUNICATION;425;TELEPHONIE RESIDENTIELLE;4252;TEL SANS FIL NUMERIQUE;100%;
42;PHOTO COMMUNICATION;425;TELEPHONIE RESIDENTIELLE;4253;ACCESSOIRE TEL ET AUTRES;100%;
42;PHOTO COMMUNICATION;425;TELEPHONIE RESIDENTIELLE;4254;TALKIE-WALKIE;100%;
42;PHOTO COMMUNICATION;425;TELEPHONIE RESIDENTIELLE;4255;FAX;100%;
42;PHOTO COMMUNICATION;425;TELEPHONIE RESIDENTIELLE;4256;ACCESSOIRE FAX;100%;
42;PHOTO COMMUNICATION;426;OPTIQUE;4260;OPTIQUE;100%;
42;PHOTO COMMUNICATION;428;MAT. DE BUREAU;4280;MACHINE A CALCULER;100%;
42;PHOTO COMMUNICATION;428;MAT. DE BUREAU;4281;AGENDA,TRADUCTEUR,DICTIO.;100%;
42;PHOTO COMMUNICATION;428;MAT. DE BUREAU;4282;BUREAUTIQUE;100%;
42;PHOTO COMMUNICATION;428;MAT. DE BUREAU;4283;STATION METEO;100%;
42;PHOTO COMMUNICATION;428;MAT. DE BUREAU;4284;GPS;100%;
42;PHOTO COMMUNICATION;429;SAV & GESTION PHOTO;4290;REPARATION PHOTO;100%;
42;PHOTO COMMUNICATION;429;SAV & GESTION PHOTO;4291;ACCESSOIRES PHOTO;100%;
42;PHOTO COMMUNICATION;429;SAV & GESTION PHOTO;4293;CONTRATS BLEUS PHOTO;100%;
42;PHOTO COMMUNICATION;429;SAV & GESTION PHOTO;4294;LOCATION PHOTO;100%;
42;PHOTO COMMUNICATION;429;SAV & GESTION PHOTO;4299;GESTION PHOTO;100%;
43;IMAGE ET SON;430;SON;4300;AUTORADIO + ACCESSOIRE;100%;
43;IMAGE ET SON;430;SON;4301;BALADEUR;100%;
43;IMAGE ET SON;430;SON;4302;ENREGISTREMENT;100%;
43;IMAGE ET SON;430;SON;4303;RADIO REVEIL;100%;
43;IMAGE ET SON;430;SON;4304;RADIO;100%;
43;IMAGE ET SON;430;SON;4305;RADIO CASSETTE;100%;
43;IMAGE ET SON;431;HI-FI;4310;CHAINE;100%;
43;IMAGE ET SON;431;HI-FI;4311;ELEMENTS SEPARES;100%;
43;IMAGE ET SON;431;HI-FI;4312;ENCEINTES;100%;
43;IMAGE ET SON;432;SUPPORT AUDIO ET VIDEO;4320;SUPPORT AUDIO;100%;
43;IMAGE ET SON;432;SUPPORT AUDIO ET VIDEO;4321;CASSETTE MAGNETOSCOPE;100%;
43;IMAGE ET SON;432;SUPPORT AUDIO ET VIDEO;4322;CASSETTE CAMESCOPE;100%;
43;IMAGE ET SON;432;SUPPORT AUDIO ET VIDEO;4323;SUPPORT DVD;100%;
43;IMAGE ET SON;432;SUPPORT AUDIO ET VIDEO;4324;NETTOYAGE ET BOITIER VIDE;100%;
43;IMAGE ET SON;433;ACCESSOIRE AUDIO/TV/VIDEO;4330;ACCESSOIRE HIFI-SON;100%;
43;IMAGE ET SON;433;ACCESSOIRE AUDIO/TV/VIDEO;4331;ANTENNE ET ACCESSOIRE TV;100%;
43;IMAGE ET SON;433;ACCESSOIRE AUDIO/TV/VIDEO;4332;SATELLITE ET ACCESSOIRE;100%;
43;IMAGE ET SON;433;ACCESSOIRE AUDIO/TV/VIDEO;4333;ACCESSOIRE VIDEO;100%;
43;IMAGE ET SON;433;ACCESSOIRE AUDIO/TV/VIDEO;4334;CORDON DE LIAISON;100%;
43;IMAGE ET SON;433;ACCESSOIRE AUDIO/TV/VIDEO;4335;SUPPORT AUDIO/VIDEO;100%;
43;IMAGE ET SON;433;ACCESSOIRE AUDIO/TV/VIDEO;4336;ACCESSOIRE DE FETE;100%;
43;IMAGE ET SON;434;TELEVISEUR;4340;TV 4/3;100%;
43;IMAGE ET SON;434;TELEVISEUR;4342;TV LCD 4/3;100%;
43;IMAGE ET SON;434;TELEVISEUR;4345;PLASMA;100%;
43;IMAGE ET SON;434;TELEVISEUR;4346;TV LCD 16/9;100%;
43;IMAGE ET SON;434;TELEVISEUR;4347;VIDEOPROJECTEUR;100%;
43;IMAGE ET SON;434;TELEVISEUR;4349;COMBINE TV/DVD;100%;
43;IMAGE ET SON;435;VIDEO;4350;CAMESCOPE;100%;
43;IMAGE ET SON;435;VIDEO;4351;MAGNETOSCOPE;100%;
43;IMAGE ET SON;435;VIDEO;4352;LECTEUR DVD;100%;
43;IMAGE ET SON;439;SAV & GESTION IMAGE & SON;4390;REPARATION IMAGE&SON;100%;
43;IMAGE ET SON;439;SAV & GESTION IMAGE & SON;4391;ACCESSOIRES IMAGE&SON;100%;
43;IMAGE ET SON;439;SAV & GESTION IMAGE & SON;4392;LIVRAISON IMAGE & SON;100%;
43;IMAGE ET SON;439;SAV & GESTION IMAGE & SON;4393;CONTRATS BLEUS IMAGE&SON;100%;
43;IMAGE ET SON;439;SAV & GESTION IMAGE & SON;4394;LOCATION IMAGE&SON;100%;
43;IMAGE ET SON;439;SAV & GESTION IMAGE & SON;-439; Famille inconnnue;100%;
43;IMAGE ET SON;439;SAV & GESTION IMAGE & SON;4399;REMBOURSMT IMAGE ET SON;100%;
44;MICRO INFORMATIQUE;440;MATERIEL INFORMATIQUE;4400;MICRO-ORDINATEUR;100%;
44;MICRO INFORMATIQUE;440;MATERIEL INFORMATIQUE;4401;ECRAN;100%;
44;MICRO INFORMATIQUE;440;MATERIEL INFORMATIQUE;4402;IMPRIMANTE;100%;
44;MICRO INFORMATIQUE;440;MATERIEL INFORMATIQUE;4403;SCANNER;100%;
44;MICRO INFORMATIQUE;440;MATERIEL INFORMATIQUE;4404;IMAGERIE NUMERIQUE;100%;
44;MICRO INFORMATIQUE;441;PERIPHERIQUE INFOMATIQUE;4410;COMMUNICATION;100%;
44;MICRO INFORMATIQUE;441;PERIPHERIQUE INFOMATIQUE;4411;CARTE AUDIO/VIDEO;100%;
44;MICRO INFORMATIQUE;441;PERIPHERIQUE INFOMATIQUE;4412;ARCHIVAGE INFORMATIQUE;100%;
44;MICRO INFORMATIQUE;441;PERIPHERIQUE INFOMATIQUE;4413;CONTROLE INFORMATIQUE;100%;
44;MICRO INFORMATIQUE;442;ACCESSOIRE INFORMATIQUE;4420;EXTENSION DE MEMOIRE;100%;
44;MICRO INFORMATIQUE;442;ACCESSOIRE INFORMATIQUE;4421;CORDON DE LIAISON;100%;
44;MICRO INFORMATIQUE;442;ACCESSOIRE INFORMATIQUE;4422;PROTECTION INFORMATIQUE;100%;
44;MICRO INFORMATIQUE;442;ACCESSOIRE INFORMATIQUE;4423;ERGONOMIE INFORMATIQUE;100%;
44;MICRO INFORMATIQUE;442;ACCESSOIRE INFORMATIQUE;4424;NETTOYAGE INFORMATIQUE;100%;
44;MICRO INFORMATIQUE;442;ACCESSOIRE INFORMATIQUE;4425;RANGEMENT INFORMATIQUE;100%;
44;MICRO INFORMATIQUE;443;SUPPORT ENREGISTREMENT;4430;DISQUETTE;100%;
44;MICRO INFORMATIQUE;443;SUPPORT ENREGISTREMENT;4431;CD ROM / DVD;100%;
44;MICRO INFORMATIQUE;444;CONSOMMABLE IMPRESSION;4440;CARTOUCHE D IMPRIMANTE;100%;
44;MICRO INFORMATIQUE;444;CONSOMMABLE IMPRESSION;4441;PAPIER IMPRIMANTE;100%;
44;MICRO INFORMATIQUE;449;SAV & GESTION MICRO;4490;REPARATION MICRO;100%;
44;MICRO INFORMATIQUE;449;SAV & GESTION MICRO;4491;ACCESSOIRES MICRO;100%;
44;MICRO INFORMATIQUE;449;SAV & GESTION MICRO;4493;CONTRATS BLEUS MICRO;100%;
44;MICRO INFORMATIQUE;449;SAV & GESTION MICRO;4494;LOCATION MICRO;100%;
44;MICRO INFORMATIQUE;449;SAV & GESTION MICRO;4499;GESTION MICRO;100%;
45;RADIOTELEPHONIE;450;TELEPHONIE MOBILE;4500;PORTABLE;100%;
45;RADIOTELEPHONIE;450;TELEPHONIE MOBILE;4501;PORTABLE PREPAYE;100%;
45;RADIOTELEPHONIE;450;TELEPHONIE MOBILE;4502;ACCESSOIRE POUR PORTABLE;100%;
45;RADIOTELEPHONIE;450;TELEPHONIE MOBILE;4503;SERVICE PREPAYES;100%;
45;RADIOTELEPHONIE;459;GESTION RADIOTELEPHONIE;4590;REPARATION RADIOTELEPHONIE;100%;
45;RADIOTELEPHONIE;459;GESTION RADIOTELEPHONIE;4594;LOCATION RADIOTELEPHONIE;100%;
45;RADIOTELEPHONIE;459;GESTION RADIOTELEPHONIE;4599;GESTION RADIOTELEPHONIE;100%;
60;CHAUSSURE;600;PANTOUFLE;6000;PANTOUFLE FILLE  22/30;100%;
60;CHAUSSURE;600;PANTOUFLE;6001;PANTOUFLE GARCON 22/30;100%;
60;CHAUSSURE;600;PANTOUFLE;6002;PANTOUFLE FILLE  31/38;100%;
60;CHAUSSURE;600;PANTOUFLE;6003;PANTOUFLE GARCON 31/38;100%;
60;CHAUSSURE;600;PANTOUFLE;6004;PANTOUFLE FEMME;100%;
60;CHAUSSURE;600;PANTOUFLE;6005;PANTOUFLE FEMME CONFORT;100%;
60;CHAUSSURE;600;PANTOUFLE;6006;PANTOUFLE HOMME;100%;
60;CHAUSSURE;601;SPORT;6010;RYTHMIQUE;100%;
60;CHAUSSURE;601;SPORT;6011;SPORT FILLE 22/30;100%;
60;CHAUSSURE;601;SPORT;6012;SPORT GARCON 22/30;100%;
60;CHAUSSURE;601;SPORT;6013;SPORT FILLE 31/38;100%;
60;CHAUSSURE;601;SPORT;6014;SPORT GARCON 31/38;100%;
60;CHAUSSURE;601;SPORT;6015;SPORT FEMME 35/42;100%;
60;CHAUSSURE;601;SPORT;6016;SPORT HOMME 39/46;100%;
60;CHAUSSURE;601;SPORT;6017;SPORT MARQUE JUNIOR/FEMME;100%;
60;CHAUSSURE;601;SPORT;6018;SPORT DE MARQUE HOMME;100%;
60;CHAUSSURE;602;TOILE;6020;ESPADRILLE;100%;
60;CHAUSSURE;602;TOILE;6021;TOILE  FILLE 22/30;100%;
60;CHAUSSURE;602;TOILE;6022;TOILE  GARCON 22/30;100%;
60;CHAUSSURE;602;TOILE;6023;TOILE  FILLE 31/38;100%;
60;CHAUSSURE;602;TOILE;6024;TOILE  GARCON 31/38;100%;
60;CHAUSSURE;602;TOILE;6025;TOILE FEMME 35/42;100%;
60;CHAUSSURE;602;TOILE;6026;TOILE HOMME 39/46;100%;
60;CHAUSSURE;603;PLAGE/ACCESSOIRES;6030;PLAGE FILLE 22/30;100%;
60;CHAUSSURE;603;PLAGE/ACCESSOIRES;6031;PLAGE GARCON 22/30;100%;
60;CHAUSSURE;603;PLAGE/ACCESSOIRES;6032;PLAGE FILLE 31/38;100%;
60;CHAUSSURE;603;PLAGE/ACCESSOIRES;6033;PLAGE GARCON 31/38;100%;
60;CHAUSSURE;603;PLAGE/ACCESSOIRES;6034;PLAGE FEMME 35/42;100%;
60;CHAUSSURE;603;PLAGE/ACCESSOIRES;6035;PLAGE HOMME 39/46;100%;
60;CHAUSSURE;603;PLAGE/ACCESSOIRES;6036;ACCESSOIRES LACETS;100%;
60;CHAUSSURE;603;PLAGE/ACCESSOIRES;6037;ACCESSOIRES SEMELLES;100%;
60;CHAUSSURE;603;PLAGE/ACCESSOIRES;6038;ACCESSOIRES AUTRES;100%;
60;CHAUSSURE;604;NEIGE/PLUIE/RANDONNEE;6040;NEIGE  BEBE  22/30;100%;
60;CHAUSSURE;604;NEIGE/PLUIE/RANDONNEE;6041;NEIGE  ENFANT 22/30;100%;
60;CHAUSSURE;604;NEIGE/PLUIE/RANDONNEE;6042;NEIGE FEMME 35/42;100%;
60;CHAUSSURE;604;NEIGE/PLUIE/RANDONNEE;6043;NEIGE HOMME 39/46;100%;
60;CHAUSSURE;604;NEIGE/PLUIE/RANDONNEE;6044;PLUIE BEBE 22/30;100%;
60;CHAUSSURE;604;NEIGE/PLUIE/RANDONNEE;6045;PLUIE ENFANT 31/38;100%;
60;CHAUSSURE;604;NEIGE/PLUIE/RANDONNEE;6046;PLUIE FEMME 35/42;100%;
60;CHAUSSURE;604;NEIGE/PLUIE/RANDONNEE;6047;PLUIE HOMME 39/46;100%;
60;CHAUSSURE;604;NEIGE/PLUIE/RANDONNEE;6048;RANDONNEE;100%;
60;CHAUSSURE;605;CHAUSSURE BEBE;6051;CHAUSSURE BEBE SPORT;100%;
60;CHAUSSURE;605;CHAUSSURE BEBE;6052;CHAUSSURE BEBE TOILE;100%;
60;CHAUSSURE;605;CHAUSSURE BEBE;6054;CHAUSSURE BEBE NEIGE;100%;
60;CHAUSSURE;605;CHAUSSURE BEBE;6055;CHAUSSURE BEBE VILLE;100%;
60;CHAUSSURE;606;CHAUSSURE ENFANT;6060;CHAUSSURE FILLE 22 /27;100%;
60;CHAUSSURE;606;CHAUSSURE ENFANT;6061;CHAUSSURE GARCON 22 /27;100%;
60;CHAUSSURE;606;CHAUSSURE ENFANT;6062;CHAUSSURE FILLE 28/34;100%;
60;CHAUSSURE;606;CHAUSSURE ENFANT;6063;CHAUSSURE GARCON 28/34;100%;
60;CHAUSSURE;606;CHAUSSURE ENFANT;6064;JUNIOR FILLE 35/41;100%;
60;CHAUSSURE;606;CHAUSSURE ENFANT;6065;CHAUSSURE JUNIOR G 35/41;100%;
60;CHAUSSURE;607;CHAUSSURE HOMME;6070;CHAUSSURE HOMME VILLE;100%;
60;CHAUSSURE;607;CHAUSSURE HOMME;6071;CHAUSSURE HOMME DETENTE;100%;
60;CHAUSSURE;607;CHAUSSURE HOMME;6072;CHAUSSURE HOMME ETE;100%;
60;CHAUSSURE;608;CHAUSSURE FEMME;6080;FEMME VILLE/DETENTE;100%;
60;CHAUSSURE;608;CHAUSSURE FEMME;6081;CHAUSSURE FEMME ETE;100%;
60;CHAUSSURE;608;CHAUSSURE FEMME;6082;CHAUSSURE FEMME HIVER;100%;
60;CHAUSSURE;608;CHAUSSURE FEMME;6083;CHAUSSURE FEMME CONFORT;100%;
60;CHAUSSURE;608;CHAUSSURE FEMME;6084;CHAUSSURE FEMME ACTUA;100%;
60;CHAUSSURE;609;REMBOURSEMENT;6099;REMBOURSEMENT;100%;
61;BEBE;610;SOUS-VETEMENT BEBE;6100;CULOTTE / CHEMISE;100%;
61;BEBE;610;SOUS-VETEMENT BEBE;6101;BODY;100%;
61;BEBE;611;CHAUSSETTE/COLLANT BEBE;6110;CHAUSSETTE NAISSANCE BEBE;100%;
61;BEBE;611;CHAUSSETTE/COLLANT BEBE;6111;CHAUSSETTE 1ER AGE;100%;
61;BEBE;611;CHAUSSETTE/COLLANT BEBE;6112;COLLANT;100%;
61;BEBE;612;LINGERIE DE NUIT;6120;PYJAMA LEGER 1 P A PIEDS;100%;
61;BEBE;612;LINGERIE DE NUIT;6121;PYJAMA LOURD 1P A PIEDS;100%;
61;BEBE;612;LINGERIE DE NUIT;6122;PYJAMA LEGER 2 P A PIEDS;100%;
61;BEBE;612;LINGERIE DE NUIT;6123;PYJAMA LOURD 2P A PIEDS;100%;
61;BEBE;612;LINGERIE DE NUIT;6124;PYJAMA COUVERTURE;100%;
61;BEBE;612;LINGERIE DE NUIT;6125;PYJAMA LICENCES;100%;
61;BEBE;613;TRICOTAGE;6130;MAILLE TRICOT;100%;
61;BEBE;613;TRICOTAGE;6131;MOLLETON;100%;
61;BEBE;613;TRICOTAGE;6132;JERSEY  MANCHES LONGUES;100%;
61;BEBE;613;TRICOTAGE;6133;JERSEY MANCHES COURTES;100%;
61;BEBE;613;TRICOTAGE;6134;PULL LICENCES;100%;
61;BEBE;614;ROBE CHEMISE CHEMISIER;6140;ROBE SANS MANCHES;100%;
61;BEBE;614;ROBE CHEMISE CHEMISIER;6141;ROBE MANCHES COURTES;100%;
61;BEBE;614;ROBE CHEMISE CHEMISIER;6142;ROBE MANCHES LONGUES;100%;
61;BEBE;614;ROBE CHEMISE CHEMISIER;6143;CHEMISIER;100%;
61;BEBE;614;ROBE CHEMISE CHEMISIER;6144;CHEMISE;100%;
61;BEBE;614;ROBE CHEMISE CHEMISIER;6145;ROBE LICENCES;100%;
61;BEBE;615;PANTALON/COMBI/BERMUDA;6150;PANTALON;100%;
61;BEBE;615;PANTALON/COMBI/BERMUDA;6151;SALOPETTE LONGUE;100%;
61;BEBE;615;PANTALON/COMBI/BERMUDA;6152;SALOPETTE COURTE;100%;
61;BEBE;615;PANTALON/COMBI/BERMUDA;6153;COMBINAISON LONGUE;100%;
61;BEBE;615;PANTALON/COMBI/BERMUDA;6154;COMBINAISON COURTE;100%;
61;BEBE;615;PANTALON/COMBI/BERMUDA;6155;SHORT / BERMUDA;100%;
61;BEBE;615;PANTALON/COMBI/BERMUDA;6156;ENSEMBLE LONG;100%;
61;BEBE;615;PANTALON/COMBI/BERMUDA;6157;ENSEMBLE COURT;100%;
61;BEBE;615;PANTALON/COMBI/BERMUDA;6158;LICENCE PANTALON ENSEMBLE;100%;
61;BEBE;616;CONFECTION/BAIN;6160;CONFECTION;100%;
61;BEBE;616;CONFECTION/BAIN;6161;BAIN;100%;
61;BEBE;616;CONFECTION/BAIN;6162;LICENCE CONFECTION BAIN;100%;
61;BEBE;617;PUERICULTURE;6170;REPAS;100%;
61;BEBE;617;PUERICULTURE;6171;BAIN HYGIENE;100%;
61;BEBE;617;PUERICULTURE;6172;SECURITE;100%;
61;BEBE;617;PUERICULTURE;6173;JOUETS;100%;
61;BEBE;617;PUERICULTURE;6174;SOMMEIL / BAIN;100%;
61;BEBE;617;PUERICULTURE;6175;EQUIPEMENT INTERIEUR;100%;
61;BEBE;617;PUERICULTURE;6176;VOYAGE;100%;
61;BEBE;617;PUERICULTURE;6177;PROMENADE;100%;
61;BEBE;617;PUERICULTURE;6178;EQUIPEMENT CHAMBRE;100%;
61;BEBE;617;PUERICULTURE;6179;AUTRES EQUIPEMENTS;100%;
61;BEBE;618;FUTURE MAMAN/TROUSSEAU;6180;FUTURE MAMAN;100%;
61;BEBE;618;FUTURE MAMAN/TROUSSEAU;6181;TROUSSEAU;100%;
61;BEBE;618;FUTURE MAMAN/TROUSSEAU;6182;BOTTONS;100%;
61;BEBE;618;FUTURE MAMAN/TROUSSEAU;6183;BOITE CADEAUX;100%;
61;BEBE;619;REMBOURSEMENT;6199;REMBOURSEMENT;100%;
62;ENFANT;620;SOUS-VETEMENT ENFANT;6200;S/VETEMENT FILLE 2/8 ANS;100%;
62;ENFANT;620;SOUS-VETEMENT ENFANT;6201;S/VETEMENT FILLE 8/16 ANS;100%;
62;ENFANT;620;SOUS-VETEMENT ENFANT;6202;S/VETEMENT GARCON 2/8 ANS;100%;
62;ENFANT;620;SOUS-VETEMENT ENFANT;6203;S/VETEMENT GARCON 8/16;100%;
62;ENFANT;621;CHAUSSETTE/COLLANT ENFANT;6210;SOCQUETTE;100%;
62;ENFANT;621;CHAUSSETTE/COLLANT ENFANT;6211;MI- CHAUSSETTE;100%;
62;ENFANT;621;CHAUSSETTE/COLLANT ENFANT;6212;MI-BAS;100%;
62;ENFANT;621;CHAUSSETTE/COLLANT ENFANT;6213;CHAUSSETTE SPORT;100%;
62;ENFANT;621;CHAUSSETTE/COLLANT ENFANT;6214;COLLANT;100%;
62;ENFANT;622;LINGERIE DE NUIT;6220;LINGERIE FILLE 2/8 ANS;100%;
62;ENFANT;622;LINGERIE DE NUIT;6221;LINGERIE GARCON 2/8 ANS;100%;
62;ENFANT;622;LINGERIE DE NUIT;6222;LINGERIE FILLE 8/16 ANS;100%;
62;ENFANT;622;LINGERIE DE NUIT;6223;LINGERIE GARCON 8/16 ANS;100%;
62;ENFANT;622;LINGERIE DE NUIT;6224;LINGERIE LICENCE;100%;
62;ENFANT;623;FILLE 2/8 ANS;6230;TRICOTAGE M/C  2/8 FILLE;100%;
62;ENFANT;623;FILLE 2/8 ANS;6231;TRICOTAGE M/L 2/8 FILLE;100%;
62;ENFANT;623;FILLE 2/8 ANS;6232;BERMUDA  SHORT 2/8 FILLE;100%;
62;ENFANT;623;FILLE 2/8 ANS;6233;PANTALON/SALOPETTE 2/8 F;100%;
62;ENFANT;623;FILLE 2/8 ANS;6234;CONFECTION 2/8 FILLE;100%;
62;ENFANT;623;FILLE 2/8 ANS;6235;SPORT 2/8 FILLE;100%;
62;ENFANT;623;FILLE 2/8 ANS;6236;SKI / BAIN 2/8 FILLE;100%;
62;ENFANT;623;FILLE 2/8 ANS;6237;ACTUALISATION 2/8 FILLE;100%;
62;ENFANT;623;FILLE 2/8 ANS;6238;CHEMISIER/ROBE/JUPE 2/8 F;100%;
62;ENFANT;623;FILLE 2/8 ANS;6239;LICENCE 2/8 FILLE;100%;
62;ENFANT;624;GARCON 2/8 ANS;6240;TRICOTAGE M/C 2/8 GARCON;100%;
62;ENFANT;624;GARCON 2/8 ANS;6241;TRICOTAGE M/L 2/8 GARCON;100%;
62;ENFANT;624;GARCON 2/8 ANS;6242;BERMUDA/SHORT 2/8 GARCON;100%;
62;ENFANT;624;GARCON 2/8 ANS;6243;PANTALON/SALOPETTE 2/8 G;100%;
62;ENFANT;624;GARCON 2/8 ANS;6244;CONFECTION 2/8 GARCON;100%;
62;ENFANT;624;GARCON 2/8 ANS;6245;SPORT 2/8 GARCON;100%;
62;ENFANT;624;GARCON 2/8 ANS;6246;SKI / BAIN 2/8 GARCON;100%;
62;ENFANT;624;GARCON 2/8 ANS;6247;ACTUALISATION 2/8 GARCON;100%;
62;ENFANT;624;GARCON 2/8 ANS;6248;CHEMISE 2/8 GARCON;100%;
62;ENFANT;624;GARCON 2/8 ANS;6249;LICENCE 2/8 GARCON;100%;
62;ENFANT;625;FILLE 8/16 ANS;6250;TRICOTAGE M/C 8/16 FILLE;100%;
62;ENFANT;625;FILLE 8/16 ANS;6251;TRICOTAGE M/L 8/16 FILLE;100%;
62;ENFANT;625;FILLE 8/16 ANS;6252;BERMUDA  SHORT 8/16 FILLE;100%;
62;ENFANT;625;FILLE 8/16 ANS;6253;PANTALON/SALOPETTE 8/16 F;100%;
62;ENFANT;625;FILLE 8/16 ANS;6254;CONFECTION 8/16 FILLE;100%;
62;ENFANT;625;FILLE 8/16 ANS;6255;SPORT 8/16 FILLE;100%;
62;ENFANT;625;FILLE 8/16 ANS;6256;SKI / BAIN 8/16 FILLE;100%;
62;ENFANT;625;FILLE 8/16 ANS;6258;CHEMISIER/ROBE/JUPE 8/16 FILLE;100%;
62;ENFANT;625;FILLE 8/16 ANS;6259;LICENCES 8/16 FILLE;100%;
62;ENFANT;626;GARCON 8/16 ANS;6260;TRICOTAGE M/C 8/16 GARCON;100%;
62;ENFANT;626;GARCON 8/16 ANS;6261;TRICOTAGE M/L 8/16 GARCON;100%;
62;ENFANT;626;GARCON 8/16 ANS;6262;BERMUDA/SHORT  8/16 G;100%;
62;ENFANT;626;GARCON 8/16 ANS;6263;PANTALON/CHEMISE 8/16 G;100%;
62;ENFANT;626;GARCON 8/16 ANS;6264;CONFECTION 8/16 GARCON;100%;
62;ENFANT;626;GARCON 8/16 ANS;6265;SPORT 8/16 GARCON;100%;
62;ENFANT;626;GARCON 8/16 ANS;6266;SKI / BAIN 8/16 GARCON;100%;
62;ENFANT;626;GARCON 8/16 ANS;6267;ACTUALISATION GARCON 8/16;100%;
62;ENFANT;626;GARCON 8/16 ANS;6268;SPORT DE MARQUE;100%;
62;ENFANT;626;GARCON 8/16 ANS;6269;LICENCES GARCON 8/16;100%;
62;ENFANT;627;SOUS-VETEMENT DE PROTECTION;6270;TABLIER FILLE 2/ 8 ANS;100%;
62;ENFANT;627;SOUS-VETEMENT DE PROTECTION;6271;TABLIER GARCON 2/8 ANS;100%;
62;ENFANT;627;SOUS-VETEMENT DE PROTECTION;6273;BLOUSE GARCON 8/ 16 ANS;100%;
62;ENFANT;629;REMBOURSEMENT;6299;REMBOURSEMENT;100%;
63;FEMME;630;SOUS-VETEMENT FEMME;6300;BONNETERIE  BAS SEUL;100%;
63;FEMME;630;SOUS-VETEMENT FEMME;6301;BONNETERIE  HAUT SEUL;100%;
63;FEMME;630;SOUS-VETEMENT FEMME;6302;COORDONNEES BAS;100%;
63;FEMME;630;SOUS-VETEMENT FEMME;6303;COORDONNEES HAUT;100%;
63;FEMME;630;SOUS-VETEMENT FEMME;6304;FOND DE ROBE;100%;
63;FEMME;630;SOUS-VETEMENT FEMME;6305;JUPON;100%;
63;FEMME;631;CHAUSSETTE FEMME;6310;SOCQUETTE;100%;
63;FEMME;631;CHAUSSETTE FEMME;6311;MI- CHAUSSETTE;100%;
63;FEMME;631;CHAUSSETTE FEMME;6312;MI-BAS;100%;
63;FEMME;631;CHAUSSETTE FEMME;6313;SPORT;100%;
63;FEMME;631;CHAUSSETTE FEMME;6314;COLLANT OPAQUE / EPAIS;100%;
63;FEMME;631;CHAUSSETTE FEMME;6315;COLLANT MOUSSE /  LYCRA;100%;
63;FEMME;631;CHAUSSETTE FEMME;6316;COLLANT VOILE /  LYCRA;100%;
63;FEMME;631;CHAUSSETTE FEMME;6317;COLLANT SPECIFIQUE;100%;
63;FEMME;631;CHAUSSETTE FEMME;6318;BAS;100%;
63;FEMME;631;CHAUSSETTE FEMME;6319;MI-BAS / SOCQUETTE;100%;
63;FEMME;632;LINGERIE DE NUIT;6320;PYJAMA LONG;100%;
63;FEMME;632;LINGERIE DE NUIT;6321;PYJAMA COURT;100%;
63;FEMME;632;LINGERIE DE NUIT;6322;SEPARABLE HAUT / BAS;100%;
63;FEMME;632;LINGERIE DE NUIT;6323;CHEMISE DE NUIT COURTE;100%;
63;FEMME;632;LINGERIE DE NUIT;6324;CHEMISE DE NUIT LONGUE;100%;
63;FEMME;632;LINGERIE DE NUIT;6325;PEIGNOIR  ROBE DE CHAMBRE;100%;
63;FEMME;632;LINGERIE DE NUIT;6327;ENSEMBLE;100%;
63;FEMME;632;LINGERIE DE NUIT;6328;ACTUALISATION LINGERIE;100%;
63;FEMME;633;TRICOTAGE;6330;PIECE DU HAUT M / L LEGER;100%;
63;FEMME;633;TRICOTAGE;6331;PIECE DU HAUT  M / LOURD;100%;
63;FEMME;633;TRICOTAGE;6332;PIECE DU HAUT M / C;100%;
63;FEMME;633;TRICOTAGE;6333;PIECE DU BAS MAILLE;100%;
63;FEMME;633;TRICOTAGE;6334;TRICOTAGE MARQUE;100%;
63;FEMME;634;PRET A PORTER;6340;PANTALON VILLE;100%;
63;FEMME;634;PRET A PORTER;6341;JUPE;100%;
63;FEMME;634;PRET A PORTER;6342;ROBE;100%;
63;FEMME;634;PRET A PORTER;6343;CHEMISE / CHEMISIER;100%;
63;FEMME;634;PRET A PORTER;6344;COORDONNES;100%;
63;FEMME;634;PRET A PORTER;6345;PAP MARQUE;100%;
63;FEMME;634;PRET A PORTER;-634; Famille inconnnue;100%;
63;FEMME;635;NEO-JEANNERIE;6350;PANTALON /SALOPETTE;100%;
63;FEMME;635;NEO-JEANNERIE;6351;BERMUDA / SHORT;100%;
63;FEMME;635;NEO-JEANNERIE;6352;COORDONNES;100%;
63;FEMME;635;NEO-JEANNERIE;6353;NEO JEANNERIE MARQUE;100%;
63;FEMME;635;NEO-JEANNERIE;6354;NEO LICENCES SPECIFIQUES;100%;
63;FEMME;636;CONFECTION;6360;VESTE;100%;
63;FEMME;636;CONFECTION;6361;IMPERMEABLE;100%;
63;FEMME;636;CONFECTION;6362;MANTEAU;100%;
63;FEMME;636;CONFECTION;6363;BLOUSON;100%;
63;FEMME;636;CONFECTION;6364;PARKA;100%;
63;FEMME;636;CONFECTION;6365;DOUDOUNE;100%;
63;FEMME;636;CONFECTION;6366;CUIR;100%;
63;FEMME;636;CONFECTION;6367;COUPE-VENT;100%;
63;FEMME;637;SPORT/SKI/BAIN;6370;SURVETEMENT;100%;
63;FEMME;637;SPORT/SKI/BAIN;6371;ELEMENT DE SPORT;100%;
63;FEMME;637;SPORT/SKI/BAIN;6372;SPORT DE MARQUE;100%;
63;FEMME;637;SPORT/SKI/BAIN;6373;SKI;100%;
63;FEMME;637;SPORT/SKI/BAIN;6374;BAIN;100%;
63;FEMME;638;ACTUALISATION FEMME;6380;ACTUALISATION;100%;
63;FEMME;638;ACTUALISATION FEMME;6381;ACTUALISATION GRANDES TAILLES;100%;
63;FEMME;638;ACTUALISATION FEMME;6382;ACTUALISATION THEME INTERM;100%;
63;FEMME;638;ACTUALISATION FEMME;6383;ACTUALISATION GT THEME INTERM;100%;
63;FEMME;639;REMBOURSEMENT;6399;REMBOURSEMENT;100%;
64;HOMME;640;SOUS-VETEMENT HOMME;6400;STRING;100%;
64;HOMME;640;SOUS-VETEMENT HOMME;6401;MINI SLIP;100%;
64;HOMME;640;SOUS-VETEMENT HOMME;6402;SLIP TAILLE BASSE;100%;
64;HOMME;640;SOUS-VETEMENT HOMME;6403;SLIP TAILLE HAUTE;100%;
64;HOMME;640;SOUS-VETEMENT HOMME;6404;CALECON COURT MAILLE;100%;
64;HOMME;640;SOUS-VETEMENT HOMME;6405;CALECON COURT CHAINE TRAM;100%;
64;HOMME;640;SOUS-VETEMENT HOMME;6406;HAUT DU CORPS;100%;
64;HOMME;640;SOUS-VETEMENT HOMME;6407;SOUS-VETEMENT CHAUD;100%;
64;HOMME;641;CHAUSSETTE HOMME;6410;MI- CHAUSSETTE SYNTHE;100%;
64;HOMME;641;CHAUSSETTE HOMME;6411;MI-CHAUSSETTE COTON;100%;
64;HOMME;641;CHAUSSETTE HOMME;6412;MI-CHAUSSETTE FIL ECOSSE;100%;
64;HOMME;641;CHAUSSETTE HOMME;6413;MI-CHAUSSETTE LAINE;100%;
64;HOMME;641;CHAUSSETTE HOMME;6414;MI-BAS;100%;
64;HOMME;641;CHAUSSETTE HOMME;6415;SPORT;100%;
64;HOMME;641;CHAUSSETTE HOMME;6417;CHAUSSETTE LICENCE;100%;
64;HOMME;642;LINGERIE DE NUIT;6420;PYJAMA COURT;100%;
64;HOMME;642;LINGERIE DE NUIT;6421;PYJAMA LONG;100%;
64;HOMME;642;LINGERIE DE NUIT;6422;SEPARABLE HAUT / BAS;100%;
64;HOMME;642;LINGERIE DE NUIT;6423;ROBE DE CHAMBRE  PEIGNOIR;100%;
64;HOMME;643;TRICOTAGE;6430;DEBARDEUR;100%;
64;HOMME;643;TRICOTAGE;6431;TEE SHIRT;100%;
64;HOMME;643;TRICOTAGE;6432;POLO MANCHE COURTES;100%;
64;HOMME;643;TRICOTAGE;6433;POLO / SWEAT / M / L;100%;
64;HOMME;643;TRICOTAGE;6434;PULL;100%;
64;HOMME;644;PRET A PORTER;6440;CHEMISE  M / L VILLE;100%;
64;HOMME;644;PRET A PORTER;6441;CHEMISE  M / C  VILLE;100%;
64;HOMME;644;PRET A PORTER;6442;PANTALON VILLE;100%;
64;HOMME;644;PRET A PORTER;6443;BLAZER /VESTE / GILET;100%;
64;HOMME;644;PRET A PORTER;6444;COSTUME;100%;
64;HOMME;645;NEO-JEANNERIE;6450;CHEMISE M / L DETENTE;100%;
64;HOMME;645;NEO-JEANNERIE;6451;CHEMISE M / C  DETENTE;100%;
64;HOMME;645;NEO-JEANNERIE;6452;PANTALON DENIM;100%;
64;HOMME;645;NEO-JEANNERIE;6453;PANTALON TOILE;100%;
64;HOMME;645;NEO-JEANNERIE;6454;PANTALON VELOURS;100%;
64;HOMME;645;NEO-JEANNERIE;6455;SHORT / BERMUDA;100%;
64;HOMME;645;NEO-JEANNERIE;6456;NEO LICENCES SPECIFIQUES;100%;
64;HOMME;646;CONFECTION;6460;IMPERMEABLE;100%;
64;HOMME;646;CONFECTION;6461;MANTEAU;100%;
64;HOMME;646;CONFECTION;6462;BLOUSON / COUPE-VENT;100%;
64;HOMME;646;CONFECTION;6463;PARKA;100%;
64;HOMME;646;CONFECTION;6464;CUIR;100%;
64;HOMME;647;SPORT;6470;SURVETEMENT;100%;
64;HOMME;647;SPORT;6471;ELEMENT DE SPORT;100%;
64;HOMME;647;SPORT;6472;SPORT DE MARQUE;100%;
64;HOMME;647;SPORT;6473;COUPE-VENT;100%;
64;HOMME;648;SKI/BAIN/GD TAILLE/TRAVAIL;6480;SKI;100%;
64;HOMME;648;SKI/BAIN/GD TAILLE/TRAVAIL;6481;BAIN;100%;
64;HOMME;648;SKI/BAIN/GD TAILLE/TRAVAIL;6482;GRANDES TAILLES;100%;
64;HOMME;648;SKI/BAIN/GD TAILLE/TRAVAIL;6483;TRAVAIL;100%;
64;HOMME;649;REMBOURSEMENT;6499;REMBOURSEMENT;100%;
65;LINGE DE MAISON;650;LINGE DE LIT UNI;6500;DRAP HOUSSE UNI;100%;
65;LINGE DE MAISON;650;LINGE DE LIT UNI;6501;DRAP PLAT UNI;100%;
65;LINGE DE MAISON;651;LINGE DE LIT FANTAISIE/PARURES;6510;LITERIE FANTAISIE ENFANT;100%;
65;LINGE DE MAISON;651;LINGE DE LIT FANTAISIE/PARURES;6511;LITERIE FANTAISIE ADULTE;100%;
65;LINGE DE MAISON;651;LINGE DE LIT FANTAISIE/PARURES;6512;PARURE FANTAISIE;100%;
65;LINGE DE MAISON;652;ACCESSOIRES LITERIE;6520;OREILLERS;100%;
65;LINGE DE MAISON;652;ACCESSOIRES LITERIE;6521;TRAVERSIN;100%;
65;LINGE DE MAISON;652;ACCESSOIRES LITERIE;6522;ALEZE / PROTEGE MATELAS;100%;
65;LINGE DE MAISON;653;COUVERTURE/DESSUS DE LIT;6530;COUVERTURE SYNTHETIQUE;100%;
65;LINGE DE MAISON;653;COUVERTURE/DESSUS DE LIT;6531;COUVERTURE NATUREL;100%;
65;LINGE DE MAISON;653;COUVERTURE/DESSUS DE LIT;6532;DESSUS DE LIT;100%;
65;LINGE DE MAISON;654;COUETTE;6540;COUETTE SYNTHETIQUE UNIE;100%;
65;LINGE DE MAISON;654;COUETTE;6541;COUETTE SYNTHETIQUE FSIE;100%;
65;LINGE DE MAISON;654;COUETTE;6542;COUETTE AUTRE GARNISSAGE;100%;
65;LINGE DE MAISON;655;LINGE DE TOILETTE;6550;EPONGE UNIE;100%;
65;LINGE DE MAISON;655;LINGE DE TOILETTE;6551;EPONGE FANTAISIE;100%;
65;LINGE DE MAISON;655;LINGE DE TOILETTE;6552;PEIGNOIR ENFANT;100%;
65;LINGE DE MAISON;655;LINGE DE TOILETTE;6553;PEIGNOIR ADULTE;100%;
65;LINGE DE MAISON;655;LINGE DE TOILETTE;6554;LOT EPONGE;100%;
65;LINGE DE MAISON;655;LINGE DE TOILETTE;6555;TAPIS DE BAIN;100%;
65;LINGE DE MAISON;655;LINGE DE TOILETTE;6556;DRAP DE PLAGE;100%;
65;LINGE DE MAISON;656;LINGE DE TABLE ET CUISINE;6560;NAPPE TISSEE;100%;
65;LINGE DE MAISON;656;LINGE DE TABLE ET CUISINE;6561;NAPPE TISSUS ENDUIT;100%;
65;LINGE DE MAISON;656;LINGE DE TABLE ET CUISINE;6562;LOT DE TABLE;100%;
65;LINGE DE MAISON;656;LINGE DE TABLE ET CUISINE;6563;PROTEGE TABLE;100%;
65;LINGE DE MAISON;656;LINGE DE TABLE ET CUISINE;6564;TORCHON / ACCESSOIRES;100%;
65;LINGE DE MAISON;656;LINGE DE TABLE ET CUISINE;6565;TABLIER / BLOUSE CUISINE;100%;
65;LINGE DE MAISON;657;VOILAGE/DECO/MERCERIE;6570;VOILAGE;100%;
65;LINGE DE MAISON;657;VOILAGE/DECO/MERCERIE;6571;DECO;100%;
65;LINGE DE MAISON;657;VOILAGE/DECO/MERCERIE;6572;TISSU AU METRE;100%;
65;LINGE DE MAISON;657;VOILAGE/DECO/MERCERIE;6573;COUSSIN;100%;
65;LINGE DE MAISON;657;VOILAGE/DECO/MERCERIE;6574;MERCERIE;100%;
65;LINGE DE MAISON;658;MOUCHOIRS;6580;MOUCHOIRS;100%;
65;LINGE DE MAISON;659;REMBOURSEMENT;6599;REMBOURSEMENT;100%;
66;ACCESSOIRES;660;BEBE;6600;CHAPELLERIE BEBE;100%;
66;ACCESSOIRES;661;ENFANT;6610;CHAPELLERIE ENFANT;100%;
66;ACCESSOIRES;661;ENFANT;6611;CEINTUR BRETEL  CRAVAT;100%;
66;ACCESSOIRES;661;ENFANT;6612;PARAPLUIE/PETITE MARO/BANANE;100%;
66;ACCESSOIRES;661;ENFANT;6613;ACTUALISATION ENFANT;100%;
66;ACCESSOIRES;662;FEMME;6620;CHAPELLERIE FEMME;100%;
66;ACCESSOIRES;662;FEMME;6621;GANTS CUIR;100%;
66;ACCESSOIRES;662;FEMME;6622;CEINTURE;100%;
66;ACCESSOIRES;662;FEMME;6623;FOULARD /BANDANA;100%;
66;ACCESSOIRES;662;FEMME;6624;PARAPLUIE FEMME;100%;
66;ACCESSOIRES;662;FEMME;6625;PETITE MAROQUINERIE;100%;
66;ACCESSOIRES;662;FEMME;6626;SAC / BANANE;100%;
66;ACCESSOIRES;662;FEMME;6627;PAREO;100%;
66;ACCESSOIRES;662;FEMME;6628;ACTUALISATION EFMME;100%;
66;ACCESSOIRES;663;HOMME;6630;CHAPELLERIE HOMME;100%;
66;ACCESSOIRES;663;HOMME;6631;GANTS CUIR;100%;
66;ACCESSOIRES;663;HOMME;6632;CEINTURE;100%;
66;ACCESSOIRES;663;HOMME;6633;CRAVATES / NOEUD PAPILLON;100%;
66;ACCESSOIRES;663;HOMME;6634;PARAPLUIE;100%;
66;ACCESSOIRES;663;HOMME;6635;PETITE MAROQUINERIE;100%;
66;ACCESSOIRES;663;HOMME;6636;SAC / BANANE;100%;
66;ACCESSOIRES;663;HOMME;6637;ACTUALISATION HOMME;100%;
66;ACCESSOIRES;664;GANTS DE SKI;6640;GANTS;100%;
66;ACCESSOIRES;665;LUNETTES;6650;LUNETTES DE SKI;100%;
66;ACCESSOIRES;665;LUNETTES;6651;LUNETTES DE SOLEIL;100%;
66;ACCESSOIRES;666;BIJOUTERIE FANTAISIE;6660;BIJOUTERIE FSIE ENFANT;100%;
66;ACCESSOIRES;666;BIJOUTERIE FANTAISIE;6661;BIJOUTERIE FSIE FEMME;100%;
66;ACCESSOIRES;666;BIJOUTERIE FANTAISIE;6662;BIJOUTERIE FSIE HOMME;100%;
66;ACCESSOIRES;669;REMBOURSEMENT;6699;REMBOURSEMENT;100%;
67;BIJOUTERIE;670;HORLOGERIE;6700;BIJOUX;100%;
67;BIJOUTERIE;670;HORLOGERIE;6701;MONTRE;100%;
67;BIJOUTERIE;670;HORLOGERIE;6702;BRACELETS MONTRE;100%;
67;BIJOUTERIE;670;HORLOGERIE;6703;REVEIL;100%;
67;BIJOUTERIE;679;SAV ET GESTION BIJOUTERIE;6790;REPARATION BIJOUTERIE;100%;
67;BIJOUTERIE;679;SAV ET GESTION BIJOUTERIE;6791;ACCESSOIRES BIJOUTERIE;100%;
67;BIJOUTERIE;679;SAV ET GESTION BIJOUTERIE;6799;REMBOURSEMENT;100%;
71;LIVRAISONS A DOMICILE;710;LIVRAISON ET PREPARATION;7100;LIVRAISON A DOMICILE;100%;
71;LIVRAISONS A DOMICILE;710;LIVRAISON ET PREPARATION;7101;LIVRAISON SANS PREPARATION;100%;
71;LIVRAISONS A DOMICILE;710;LIVRAISON ET PREPARATION;-710; Famille inconnnue;100%;
71;LIVRAISONS A DOMICILE;-71; Groupe de famille inconnu;-719; Famille inconnnue;100%;
72;BONS DE REDUCTION;720;BONS DE REDUCTION;7200;BONS DE REDUCTION;100%;
72;BONS DE REDUCTION;-72; Groupe de famille inconnu;-729; Famille inconnnue;100%;
74;CARBURANT;740;CARBURANT LIBRE-SERVICE;7400;CARBURANT;100%;
74;CARBURANT;741;FUEL DOMESTIQUE;7410;FUEL DOMESTIQUE;100%;
74;CARBURANT;742;GAZ;7420;GAZ;100%;
74;CARBURANT;-74; Groupe de famille inconnu;-743; Famille inconnnue;100%;
74;CARBURANT;-74; Groupe de famille inconnu;-749; Famille inconnnue;100%;
80;MUSIQUE;800;MUSIQUE;8000;CD 2 TITRES;100%;
80;MUSIQUE;800;MUSIQUE;8001;MEILLEURES VENTES;100%;
80;MUSIQUE;800;MUSIQUE;8002;COMPACT DISQUE;100%;
80;MUSIQUE;800;MUSIQUE;8003;CASSETTE AUDIO;100%;
80;MUSIQUE;800;MUSIQUE;8004;FOLKLORE MUSIQUE DU MONDE CD;100%;
80;MUSIQUE;800;MUSIQUE;8005;FOLKLORE MUSIQUE DU MONDE K7;100%;
80;MUSIQUE;800;MUSIQUE;8006;MUSIQUE ENFANT;100%;
80;MUSIQUE;800;MUSIQUE;8008;PRODUITS DERIVES;100%;
80;MUSIQUE;800;MUSIQUE;8009;NOUVEAUX SUPPORTS;100%;
80;MUSIQUE;809;GESTION METIER MUSIQUE;8099;GESTION METIER MUSIQUE;100%;
81;VIDEO;811;VIDEO DVD ET HD;8110;HD ENFANT / FAMILLE;100%;
81;VIDEO;811;VIDEO DVD ET HD;8111;HD FILM;100%;
81;VIDEO;811;VIDEO DVD ET HD;8112;HD HORS FILM;100%;
81;VIDEO;811;VIDEO DVD ET HD;8113;HD COFFRET;100%;
81;VIDEO;811;VIDEO DVD ET HD;8114;HD COLLECTION PROMO;100%;
81;VIDEO;811;VIDEO DVD ET HD;8115;DVD ENFANT / FAMILLE;100%;
81;VIDEO;811;VIDEO DVD ET HD;8116;DVD FILM;100%;
81;VIDEO;811;VIDEO DVD ET HD;8117;DVD HORS FILM;100%;
81;VIDEO;811;VIDEO DVD ET HD;8118;DVD COFFRET;100%;
81;VIDEO;811;VIDEO DVD ET HD;8119;DVD COLLECTION PROMO;100%;
81;VIDEO;819;GESTION METIER VIDEO;8199;GESTION METIER VIDEO;100%;
82;LIBRAIRIE;822;LIVRE ADULTE;8220;ACTUALITE LITTERAIRE;100%;
82;LIBRAIRIE;822;LIVRE ADULTE;8221;LITTERATURE;100%;
82;LIBRAIRIE;822;LIVRE ADULTE;8222;POCHE LITTERATURE;100%;
82;LIBRAIRIE;822;LIVRE ADULTE;8223;POCHE SENTIMENTAL;100%;
82;LIBRAIRIE;822;LIVRE ADULTE;8224;POCHE POLICIER THRILLER;100%;
82;LIBRAIRIE;822;LIVRE ADULTE;8225;SCIENCE FICTION-TERREUR;100%;
82;LIBRAIRIE;823;LIVRE PRATIQUE;8230;CUISINE;100%;
82;LIBRAIRIE;823;LIVRE PRATIQUE;8231;MEDECINE-SANTE;100%;
82;LIBRAIRIE;823;LIVRE PRATIQUE;8232;ASTROLOGIE-ESOTERISME;100%;
82;LIBRAIRIE;823;LIVRE PRATIQUE;8233;FAUNE ET FLORE;100%;
82;LIBRAIRIE;823;LIVRE PRATIQUE;8234;LOISIRS;100%;
82;LIBRAIRIE;823;LIVRE PRATIQUE;8235;CONNAISSANCE-FORMATION;100%;
82;LIBRAIRIE;823;LIVRE PRATIQUE;8236;TOURISME;100%;
82;LIBRAIRIE;823;LIVRE PRATIQUE;8237;LIVRE INFORMATIQUE;100%;
82;LIBRAIRIE;823;LIVRE PRATIQUE;8238;PRESSE;100%;
82;LIBRAIRIE;823;LIVRE PRATIQUE;8239;BEAUX LIVRES;100%;
82;LIBRAIRIE;824;LIVRE SCOLAIRE;8240;CAHIER VACANCES-SOUTIEN;100%;
82;LIBRAIRIE;824;LIVRE SCOLAIRE;8241;LIVRE DE SOUTIEN-EXAMENS;100%;
82;LIBRAIRIE;824;LIVRE SCOLAIRE;8242;CLASSIQUE ET SPECIFIQUE;100%;
82;LIBRAIRIE;824;LIVRE SCOLAIRE;8243;DICTIONNAIRES ET METHODES;100%;
82;LIBRAIRIE;825;LIVRE ENFANT;8250;DISNEY;100%;
82;LIBRAIRIE;825;LIVRE ENFANT;8251;COLORIAGE ET COLLAGE;100%;
82;LIBRAIRIE;825;LIVRE ENFANT;8252;LIVRE 0 A 3 ANS;100%;
82;LIBRAIRIE;825;LIVRE ENFANT;8253;LIVRE 3 A 6 ANS;100%;
82;LIBRAIRIE;825;LIVRE ENFANT;8254;LIVRE 6 A 9 ANS;100%;
82;LIBRAIRIE;825;LIVRE ENFANT;8255;LIVRE A PARTIR DE 9 ANS;100%;
82;LIBRAIRIE;825;LIVRE ENFANT;8256;POCHE JEUNESSE;100%;
82;LIBRAIRIE;825;LIVRE ENFANT;8257;MANGA;100%;
82;LIBRAIRIE;825;LIVRE ENFANT;8258;BANDES DESSINEES;100%;
82;LIBRAIRIE;829;GESTION METIER LIBRAIRIE;8299;GESTION METIER LIBRAIRIE;100%;
83;JEUX VIDEO ET LOGICIELS;835;LOGICIEL;8350;LOGICIEL DE JEUX;100%;
83;JEUX VIDEO ET LOGICIELS;835;LOGICIEL;8351;LOGICIEL CULTUREL-EDUCATIF;100%;
83;JEUX VIDEO ET LOGICIELS;835;LOGICIEL;8352;DVD ROM DE JEUX;100%;
83;JEUX VIDEO ET LOGICIELS;835;LOGICIEL;8353;DVD ROM CULTUREL-EDUCATIF;100%;
83;JEUX VIDEO ET LOGICIELS;836;CONSOLE ET JEUX VIDEO;8360;CONSOLE;100%;
83;JEUX VIDEO ET LOGICIELS;836;CONSOLE ET JEUX VIDEO;8361;ACCESSOIRE CONSOLE PLAYSTATION;100%;
83;JEUX VIDEO ET LOGICIELS;836;CONSOLE ET JEUX VIDEO;8362;ACC CONSOLE XBOX 360;100%;
83;JEUX VIDEO ET LOGICIELS;836;CONSOLE ET JEUX VIDEO;8363;ACCESSOIRE CONSOLE X-BOX;100%;
83;JEUX VIDEO ET LOGICIELS;836;CONSOLE ET JEUX VIDEO;8364;ACCESSOIRE CONSOLE WII/GC;100%;
83;JEUX VIDEO ET LOGICIELS;836;CONSOLE ET JEUX VIDEO;8365;ACCESSOIRE CONSOLE PSP;100%;
83;JEUX VIDEO ET LOGICIELS;836;CONSOLE ET JEUX VIDEO;8366;ACCESSOIRE CONSOLE GAME BOY;100%;
83;JEUX VIDEO ET LOGICIELS;836;CONSOLE ET JEUX VIDEO;8367;GUIDE DE JEUX CONSOLE;100%;
83;JEUX VIDEO ET LOGICIELS;836;CONSOLE ET JEUX VIDEO;8368;JEUX CONSOLE DE SALON;100%;
83;JEUX VIDEO ET LOGICIELS;836;CONSOLE ET JEUX VIDEO;8369;JEUX CONSOLE PORTABLE;100%;
83;JEUX VIDEO ET LOGICIELS;839;GESTION METIER JEUX VIDEO-LOG;8399;GESTION METIER JEUX VIDEO-LOG;100%;
